roots;terms;label;sents
Hallo;Hallo;0;"Hallo nochmal, ;"
habe;Problem;1;habe folgendes Problem am Audi.
habe;folgendes Problem;0;habe folgendes Problem am Audi.
habe;Audi;1;habe folgendes Problem am Audi.
lassen;Gänge;1;"Die Gänge lassen sich schlecht einlegen. ;"
Problem sein;Problem;0;Gang ist das größte Problem.
Problem sein;Gang;1;Gang ist das größte Problem.
Scheint;Fahrersitz;1;Scheint mir als op der Ganghebel sich zu sehr nach links zum Fahrersitz neigt.
Scheint;op;0;Scheint mir als op der Ganghebel sich zu sehr nach links zum Fahrersitz neigt.
Scheint;Ganghebel;1;Scheint mir als op der Ganghebel sich zu sehr nach links zum Fahrersitz neigt.
schalten;2.Gang;1;Wenn ich dann zurück in den 2.Gang schalte und nach vorne drücke,
lande;Glück;0;lande ich mit viel Glück im 1.
Gang;Gang;1;"Gang. ;"
anschauen;Auto;1;Habe mir das Gestänge unterm Auto angeschaut.
anschauen;Gestänge;1;Habe mir das Gestänge unterm Auto angeschaut.
bestellen sein;Plastikschalen;1;"Habe mir nun die 2 Plastikschalen bestellt die unter dem Ganghebel verbaut sind. ;"
bestellen sein;Ganghebel;1;"Habe mir nun die 2 Plastikschalen bestellt die unter dem Ganghebel verbaut sind. ;"
Dank;Voraus;0;"Danke schon mal im Voraus. ;"
Hallo;Hallo;0;"Hallo ;"
bewegen;Rechts;0;"Wenn es die beiden für das kleine Gestänge ist um nach Rechts und Links zu bewegen. ;"
bewegen;Gestänge;1;"Wenn es die beiden für das kleine Gestänge ist um nach Rechts und Links zu bewegen. ;"
entscheitung sein;entscheitung;0;"Ist das schon mal eine gute entscheitung. ;"
lassen;Fett;1;"Diese lassen sich mit etwas Fett gut wechseln. ;"
Thoma;Gruß;0;"Gruß Thomas ;"
Thoma;Thomas;0;"Gruß Thomas ;"
Thoma;Gruß Thomas;0;"Gruß Thomas ;"
Hallo;Hallo;0;Hallo auch,
100er sein;5-Zylinder;1;"dein 100er ist ein 5-Zylinder mit Motorkennbuchstabe """
100er sein;100er;1;"dein 100er ist ein 5-Zylinder mit Motorkennbuchstabe """
100er sein;Motorkennbuchstabe;1;"dein 100er ist ein 5-Zylinder mit Motorkennbuchstabe """
WC;WC;1;"WC"","
/;cm³;1;2144cm³ /
/;2144 cm³ /;1;2144cm³ /
/;/;0;2144cm³ /
(;100kW;1;100kW (
U/min;U/min;1;5700 U/min,
U/min;5700 U/min;1;5700 U/min,
Nm;185 Nm;1;"185 Nm bei 4800 U/min richtig ? ;"
Nm;Nm;1;"185 Nm bei 4800 U/min richtig ? ;"
Nm;U/min;1;"185 Nm bei 4800 U/min richtig ? ;"
handeln;Modell;1;Ja genau um dieses Modell handelt es sich.
Leute;Leute;0;"Hallo Leute, ;"
Leute;Hallo;0;"Hallo Leute, ;"
Leute;Hallo Leute;0;"Hallo Leute, ;"
müsste;Teile;1;bei meinem Audi 80 müsste ich mal dringend die unlackierten Teile aufhübschen.
müsste;Audi;1;bei meinem Audi 80 müsste ich mal dringend die unlackierten Teile aufhübschen.
müsste;unlackierten Teile;1;bei meinem Audi 80 müsste ich mal dringend die unlackierten Teile aufhübschen.
bekommen;Scheinwerfern;1;Durch den Einbau von neuen Scheinwerfern sind ziemlich hässliche Spuren von den Schraubenziehern da geblieben und würde die gerne raus bzw. überdeckt bekommen.
bekommen;Spuren;1;Durch den Einbau von neuen Scheinwerfern sind ziemlich hässliche Spuren von den Schraubenziehern da geblieben und würde die gerne raus bzw. überdeckt bekommen.
bekommen;Einbau;1;Durch den Einbau von neuen Scheinwerfern sind ziemlich hässliche Spuren von den Schraubenziehern da geblieben und würde die gerne raus bzw. überdeckt bekommen.
bekommen;Schraubenziehern;1;Durch den Einbau von neuen Scheinwerfern sind ziemlich hässliche Spuren von den Schraubenziehern da geblieben und würde die gerne raus bzw. überdeckt bekommen.
machbar sein;Mitteln;0;Mit welchen Mitteln ist das gut machbar?
geben;Threat;0;"Falls es dazu schon einen Threat gibt gerne verschieben. ;"
sein;Geschicktesten;0;Am Geschicktesten wäre es,
postest;Bilder;0;"wenn du mal Bilder hier postest. ;"
postest;postest;0;"wenn du mal Bilder hier postest. ;"
machen;Bild;0;"Bild davon machen"""
Arrgyle;Arrgyle;0;"Grüße Arrgyle ;"
Arrgyle;Grüße Arrgyle;0;"Grüße Arrgyle ;"
Arrgyle;Grüße;0;"Grüße Arrgyle ;"
Bild;Bilder;0;Hier ein paar Bilder.
gehen;Stellen;1;Klar die etwas ramponierteren Stellen da geht nix,
gehen;Klar ramponierteren Stellen;1;Klar die etwas ramponierteren Stellen da geht nix,
aber;Schlieren;1;aber die Schlieren wären super,
Schleife;Schleifen;1;Schleifen,
lackieren;Strukturlack;1;"Strukturlack drauf und dann noch schwarz in matt oder seidenmatt lackieren ;"
helfen;Sonax;1;Also sowas wie Sonax KunststoffGel würde da nicht helfen,
helfen;KunststoffGel;1;Also sowas wie Sonax KunststoffGel würde da nicht helfen,
beseitigen;Spuren;0;um wenigstens diese Spuren zu beseitigen?
Zitat;Zitat;0;"Zitat: ;"
schreiben;@A6;0;@A6 2,7T schrieb am 1.
schreiben;T;0;@A6 2,7T schrieb am 1.
Juni;Juni;0;"Juni 2020 um 22:25:41 Uhr: ;"
Juni;Uhr;0;"Juni 2020 um 22:25:41 Uhr: ;"
Schleife;Schleifen;1;Schleifen,
lackieren;Strukturlack;1;"Strukturlack drauf und dann noch schwarz in matt oder seidenmatt lackieren ;"
Vorgehen sein;Vorgehen;1;"Das wäre auch mein Vorgehen. ;"
Arrgyle;Arrgyle;0;"Grüße Arrgyle  ;"
Arrgyle;Grüße Arrgyle;0;"Grüße Arrgyle  ;"
Arrgyle;Grüße;0;"Grüße Arrgyle  ;"
können;Unlackierten;1;Unlackierten Kunststoff kann man recht gut mit einem Heissluftföhn wieder auf Hochglanz bringen.
können;Hochglanz;1;Unlackierten Kunststoff kann man recht gut mit einem Heissluftföhn wieder auf Hochglanz bringen.
können;Kunststoff;1;Unlackierten Kunststoff kann man recht gut mit einem Heissluftföhn wieder auf Hochglanz bringen.
können;Heissluftföhn;1;Unlackierten Kunststoff kann man recht gut mit einem Heissluftföhn wieder auf Hochglanz bringen.
bringen;Temperatur;1;Zu wenig Temperatur bringt nichts,
schmelzen;Plastik;1;zu viel und das Plastik schmilzt.
Hallo;Hallo;0;Hallo,
suche;schwarze Rückleuchten;1;suche schwarze Rückleuchten komplett mit Leiste.
suche;Rückleuchten;1;suche schwarze Rückleuchten komplett mit Leiste.
suche;Leiste;1;suche schwarze Rückleuchten komplett mit Leiste.
Version;US Version;1;"Oder US Version. ;"
Version;US;0;"Oder US Version. ;"
Version;Version;1;"Oder US Version. ;"
Freund;Hallo;0;Hallo Freunde.
Freund;Hallo Freunde;0;Hallo Freunde.
Freund;Freunde;0;Hallo Freunde.
absackt;Servoöl;1;Ist es normal daß das Servoöl absackt wenn das Auto läuft?
absackt;Auto;1;Ist es normal daß das Servoöl absackt wenn das Auto läuft?
stehen;Zustand;1;"In kaltem Zustand steht es auf Max. ;"
stehen;kaltem Zustand;1;"In kaltem Zustand steht es auf Max. ;"
stehen;Max;1;"In kaltem Zustand steht es auf Max. ;"
Hallo;Hallo;0;"Hallo zusammen! ;"
können;Verteiler;1;"Kann mir bitte jemand verraten wie man den Verteiler abschraubt. ;"
liegen;Mutter;1;Die Mutter liegt so ungünstig (
siehe;Bilder;0;siehe Bilder),
sehen;BILD;0;"Beim ersten BILD sieht man die angenietete Verdeckung des Verteilers. ;"
sehen;Verteilers;1;"Beim ersten BILD sieht man die angenietete Verdeckung des Verteilers. ;"
sehen;Verdeckung;1;"Beim ersten BILD sieht man die angenietete Verdeckung des Verteilers. ;"
sein;Schraube;1;"Unter dieser Verdeckung ist die Schraube. ;"
sein;Verdeckung;1;"Unter dieser Verdeckung ist die Schraube. ;"
sehen;BILD;0;"Im zweiten BILD ist die Schraube zu sehen. ;"
sehen;Schraube;1;"Im zweiten BILD ist die Schraube zu sehen. ;"
halten;Abdeckung;1;"Ich habe einen Spiegel unter die Abdeckung gehalten. ;"
halten;Spiegel;1;"Ich habe einen Spiegel unter die Abdeckung gehalten. ;"
sitzen;Verteiler Finger;1;"Außerdem sitzt der Verteiler Finger bombenfest. ;"
sitzen;Verteiler;1;"Außerdem sitzt der Verteiler Finger bombenfest. ;"
sitzen;Finger;1;"Außerdem sitzt der Verteiler Finger bombenfest. ;"
haben;Tipp;0;"Habt Ihr da auch einen Tipp  ;"
Dank;Pfingsten;0;"Danke im voraus und schöne Pfingsten ;"
Dank;schöne Pfingsten;0;"Danke im voraus und schöne Pfingsten ;"
nicht Befestigung sein;Befestigung;1;Das ist nicht die Befestigung für den NG!
nicht Befestigung sein;NG;1;Das ist nicht die Befestigung für den NG!
nicht hören;Schraube;1;"Die Schraube gehört da nicht hin. ;"
Scheint;Originalteil;1;Scheint kein Originalteil zu sein,,,versuch irgendwie das Blech zu lösen.
Scheint;sein,,,versuch;0;Scheint kein Originalteil zu sein,,,versuch irgendwie das Blech zu lösen.
Scheint;Blech;1;Scheint kein Originalteil zu sein,,,versuch irgendwie das Blech zu lösen.
abflexen;Mutter;1;Niet abflexen mit Dremel,,etc.dann die Mutter lösen.
abflexen;abflexen;1;Niet abflexen mit Dremel,,etc.dann die Mutter lösen.
abflexen;Niet;1;Niet abflexen mit Dremel,,etc.dann die Mutter lösen.
abflexen;Dremel,,etc.dann;0;Niet abflexen mit Dremel,,etc.dann die Mutter lösen.
abflexen;Niet abflexen;0;Niet abflexen mit Dremel,,etc.dann die Mutter lösen.
Finger;Finger;1;"Finger fester drehen  ;"
re-links,,ha;re-links,,ha;0;"re-links,,ha ich auch noch nicht erlebt,,einfach dranbleiben,,zuerst den ganzen Verteiler raus,,danach den Finger  ;"
re-links,,ha;raus,,danach;0;"re-links,,ha ich auch noch nicht erlebt,,einfach dranbleiben,,zuerst den ganzen Verteiler raus,,danach den Finger  ;"
re-links,,ha;erlebt,,einfach;0;"re-links,,ha ich auch noch nicht erlebt,,einfach dranbleiben,,zuerst den ganzen Verteiler raus,,danach den Finger  ;"
re-links,,ha;Verteiler;1;"re-links,,ha ich auch noch nicht erlebt,,einfach dranbleiben,,zuerst den ganzen Verteiler raus,,danach den Finger  ;"
re-links,,ha;Finger;1;"re-links,,ha ich auch noch nicht erlebt,,einfach dranbleiben,,zuerst den ganzen Verteiler raus,,danach den Finger  ;"
re-links,,ha;dranbleiben,,zuerst;0;"re-links,,ha ich auch noch nicht erlebt,,einfach dranbleiben,,zuerst den ganzen Verteiler raus,,danach den Finger  ;"
Micha;Mfg;0;"Mfg Micha ;"
Micha;Micha;0;"Mfg Micha ;"
Micha;Mfg Micha;0;"Mfg Micha ;"
dienen;Befestigungsmutter;1;"Das dient zur Sicherung damit keiner aus versehen die Befestigungsmutter am Verteiler löst. ;"
dienen;Verteiler;1;"Das dient zur Sicherung damit keiner aus versehen die Befestigungsmutter am Verteiler löst. ;"
dienen;Sicherung;1;"Das dient zur Sicherung damit keiner aus versehen die Befestigungsmutter am Verteiler löst. ;"
befestigen sein;Abreißschraube;1;"Das Blech ist mit einer Abreißschraube befestigt. ;"
befestigen sein;Blech;1;"Das Blech ist mit einer Abreißschraube befestigt. ;"
lösen;Meißel;1;"Mit einem Schraubendreher oder kleinen Meißel die Schraube lösen und rausdrehen. ;"
lösen;Schraube;1;"Mit einem Schraubendreher oder kleinen Meißel die Schraube lösen und rausdrehen. ;"
lösen;Schraubendreher;1;"Mit einem Schraubendreher oder kleinen Meißel die Schraube lösen und rausdrehen. ;"
lösen;rausdrehen;0;"Mit einem Schraubendreher oder kleinen Meißel die Schraube lösen und rausdrehen. ;"
mitm;Schlitz;1;Oder mitm Dremel einen Schlitz reinflexen,
mitm;Dremel;1;Oder mitm Dremel einen Schlitz reinflexen,
bekommen;Abrisschraube;1;"dann bekommst die Abrisschraube auch ab. ;"
würd;Blech;1;Das Blech würd ich danach weglassen,
brauchen;Mensch;0;"braucht kein Mensch. ;"
Reimport sein;Reimport;0;Ist deiner zufällig ein Reimport?
kennen;Sicherungsblech;1;Ich kenne das Sicherungsblech aus Importen,
kennen;Importen;1;Ich kenne das Sicherungsblech aus Importen,
vorschrift fummeln;vorschrift;1;"in manchen Ländern war das wohl vorschrift das da niemand unautorisiert am Zündzeitpunkt fummelt ;"
vorschrift fummeln;Zündzeitpunkt;1;"in manchen Ländern war das wohl vorschrift das da niemand unautorisiert am Zündzeitpunkt fummelt ;"
vorschrift fummeln;Ländern;1;"in manchen Ländern war das wohl vorschrift das da niemand unautorisiert am Zündzeitpunkt fummelt ;"
Mfg;Mfg;0;"Mfg ;"
geben;Zulassungen;1;"So ein Sicherungsblech gab es bei deutschen Zulassungen auch. ;"
geben;Sicherungsblech;1;"So ein Sicherungsblech gab es bei deutschen Zulassungen auch. ;"
Tach;Tach;0;"Tach zusammen! ;"
Dank;Dank;0;"Vielen Dank für Eure Infos. ;"
Dank;Infos;0;"Vielen Dank für Eure Infos. ;"
werden;Abrissschraube;1;"Dann werde ich die Abrissschraube wohl mal """
Braucht;Mensch;0;"Braucht kein Mensch...genau das habe ich mir auch gedacht. ;"
Reimport sein;Reimport;1;"Es ist kein Reimport. ;"
Audi sein;Autohaus;1;"Der Erstbesitzer war ein Audi Autohaus bei uns in der Nähe. ;"
Audi sein;Nähe;0;"Der Erstbesitzer war ein Audi Autohaus bei uns in der Nähe. ;"
Audi sein;Audi;1;"Der Erstbesitzer war ein Audi Autohaus bei uns in der Nähe. ;"
Audi sein;Erstbesitzer;1;"Der Erstbesitzer war ein Audi Autohaus bei uns in der Nähe. ;"
zerstören;Idee;0;"Habt Ihr denn auch eine Idee wie ich den Verteilerfinger abbekomme ohne diesen zu zerstören... ;"
zerstören;Verteilerfinger;1;"Habt Ihr denn auch eine Idee wie ich den Verteilerfinger abbekomme ohne diesen zu zerstören... ;"
Gruß;Abend;0;"Viele Grüße und einen schönen Abend  ;"
Gruß;Grüße;0;"Viele Grüße und einen schönen Abend  ;"
können;Schraube;1;"Die Schraube kann man ganz normal rausdrehen da muß man nichts abreißen. ;"
können;rausdrehen;0;"Die Schraube kann man ganz normal rausdrehen da muß man nichts abreißen. ;"
abdrehen;Bügel;1;"Die Mutter abdrehen und den Bügel abnehmen. ;"
abdrehen;Mutter;1;"Die Mutter abdrehen und den Bügel abnehmen. ;"
nicht können;Verteiler;1;"Wenn der Verteiler nicht festgegammelt ist kann man ihn nach oben raus nehmen. ;"
Nicht vergessen;OT;1;"Nicht zu vergessen den Motor vorher auf OT stellen. ;"
Nicht vergessen;Motor;1;"Nicht zu vergessen den Motor vorher auf OT stellen. ;"
zeigen;Verteiler;1;"Am Verteiler ist eine Markierung für den ersten Zylinder dort muß der Verteilerfinger hin zeigen. ;"
zeigen;Zylinder;1;"Am Verteiler ist eine Markierung für den ersten Zylinder dort muß der Verteilerfinger hin zeigen. ;"
zeigen;Verteilerfinger;1;"Am Verteiler ist eine Markierung für den ersten Zylinder dort muß der Verteilerfinger hin zeigen. ;"
zeigen;Markierung;1;"Am Verteiler ist eine Markierung für den ersten Zylinder dort muß der Verteilerfinger hin zeigen. ;"
Hallo;Hallo;0;"Hallo, ;"
Verteilerfinger;Verteilerfinger;1;den Verteilerfinger (
abnehmen;Verteilerkappe;1;wenn die Verteilerkappe abgenommen hast)
können;abzeiehn;0;kannst einfach abzeiehn,
draufgesteckt sein;Nase;1;"der ist nur draufgesteckt und mit einer Nase verdrehsicher arretiert. ;"
Zur;Abrisschraube;1;Zur Abrisschraube:
haben;Schlitz;1;Ich hatte gemeint einen Schlitz reinflexen,
mitm;Schlitzschraubendreher;1;"und dann mitm Schlitzschraubendreher rausdrehen. ;"
nicht heißen;abrisschraube;1;Die heißt nicht abrisschraube,
soll;Abreissen;0;"weil man die Abreissen soll. ;"
Sechskant sein;Schraubenkopf;1;dann ist oben auf dem runden Schraubenkopf ein Sechskant.
Sechskant sein;runden Schraubenkopf;1;dann ist oben auf dem runden Schraubenkopf ein Sechskant.
Sechskant sein;Sechskant;1;dann ist oben auf dem runden Schraubenkopf ein Sechskant.
reißen;Sechskant;1;Wenn man die Schraube reindreht reißt dieser Sechskant ab,
reißen;reindreht;0;Wenn man die Schraube reindreht reißt dieser Sechskant ab,
reißen;Schraube;1;Wenn man die Schraube reindreht reißt dieser Sechskant ab,
bleiben;Kopf;1;es bleibt nur der runde Kopf (
bleiben;runde Kopf;1;es bleibt nur der runde Kopf (
abrisschraube;Name;1;"Daher der Name abrisschraube. ;"
https://www.ost-moped.de/abreisschraube-m6x14-af-172.html;https://www.ost-moped.de/abreisschraube-m6x14-af-172.html;0;"https://www.ost-moped.de/abreisschraube-m6x14-af-172.html?... ;"
Mfg;Mfg;0;"Mfg  ;"
Dank;Infos;0;"Danke Euch für die Infos. ;"
nehmen;Angriff;0;"Werde das Projekt Ende der Woche wieder in Angriff nehmen. ;"
nehmen;Woche;0;"Werde das Projekt Ende der Woche wieder in Angriff nehmen. ;"
nehmen;Projekt;1;"Werde das Projekt Ende der Woche wieder in Angriff nehmen. ;"
nehmen;Ende;0;"Werde das Projekt Ende der Woche wieder in Angriff nehmen. ;"
Gruß;Gruß;0;Gruß aus Essen
Gruß;Essen;0;Gruß aus Essen
Jungs;Jungs;0;Moin Jungs,
Jungs;Moin Jungs;0;Moin Jungs,
Jungs;Moin;0;Moin Jungs,
retten;Audi;1;"habe vor einige Monaten ja einen Audi 80 1.8S Sport Edition gerettet. ;"
retten;80 1.8S Sport Edition;1;"habe vor einige Monaten ja einen Audi 80 1.8S Sport Edition gerettet. ;"
retten;Sport;0;"habe vor einige Monaten ja einen Audi 80 1.8S Sport Edition gerettet. ;"
retten;Monaten;1;"habe vor einige Monaten ja einen Audi 80 1.8S Sport Edition gerettet. ;"
retten;Edition;1;"habe vor einige Monaten ja einen Audi 80 1.8S Sport Edition gerettet. ;"
hängen auffallen;kupplung;1;Nun ist mir aufgefallen das die kupplung ganz unten hängt,
Druck sein;Druck;1;Druck mehr im System ist.
Druck sein;System;1;Druck mehr im System ist.
ordern;Zylinder;1;Ich habe daraufhin jetzt einen Geber und einen Nehmer Zylinder geordert.
ordern;Geber;1;Ich habe daraufhin jetzt einen Geber und einen Nehmer Zylinder geordert.
auseinandergesetzt;Thema;0;da ich mich selbst aber nie mit dem Thema auseinandergesetzt habe,
stehen;Audi;1;Da der Audi lange stand,
gehen;kupplung;1;ging ich davon aus das die kupplung nur entlüftet werden muss,
probieren;erfolg;0;"dies habe ich probiert aber ohne nennenswerten erfolg. ;"
habe;Hebebühne;1;Ich habe KEINE Hebebühne zur Verfügung und auch keine Grube,
habe;Grube;1;Ich habe KEINE Hebebühne zur Verfügung und auch keine Grube,
habe;Verfügung;0;Ich habe KEINE Hebebühne zur Verfügung und auch keine Grube,
schrauben;Auffahrrampen;1;"ich schraube nur mit zwei Auffahrrampen. ;"
Gruß;Liebe Grüße;0;Liebe Grüße.
Gruß;Grüße;0;Liebe Grüße.
Hallo;Hallo;0;"Hallo, ;"
erkennen;Frage;0;"Ich erkenne keine Frage ehrlich gesagt.. ;"
erkennen;..;0;"Ich erkenne keine Frage ehrlich gesagt.. ;"
haben;Kupplungssystem;1;ich hatte mit dem Kupplungssystem auch schon Stress,
haben;Stress;0;ich hatte mit dem Kupplungssystem auch schon Stress,
können;Problem;1;"konnte bisher aber das Problem immer durch entlüften lösen. ;"
können;entlüften;1;"konnte bisher aber das Problem immer durch entlüften lösen. ;"
nicht funktionieren;Bremse;1;Entlüften funktioniert aber nicht wie bei der Bremse,
nicht funktionieren;Entlüften;1;Entlüften funktioniert aber nicht wie bei der Bremse,
musst;Bremsflüssigkeitsbehälter;1;du musst Druck auf den Bremsflüssigkeitsbehälter bringen(
musst;Druck;1;du musst Druck auf den Bremsflüssigkeitsbehälter bringen(
basteln;Adapter;1;ich hab mir einen Adapter für den Kompressor gebastelt,
basteln;Kompressor;1;ich hab mir einen Adapter für den Kompressor gebastelt,
1Bar;1Bar;1;1Bar)
und;Nehmerzylinder;1;"und am Nippel am Nehmerzylinder am Getriebe die Luft rauslassen. ;"
und;Nippel;1;"und am Nippel am Nehmerzylinder am Getriebe die Luft rauslassen. ;"
und;Getriebe;1;"und am Nippel am Nehmerzylinder am Getriebe die Luft rauslassen. ;"
und;Luft;1;"und am Nippel am Nehmerzylinder am Getriebe die Luft rauslassen. ;"
Mfg;Mfg;0;"Mfg ;"
nicht können;alten Dinger;0;"Die alten Dinger konntest du nie normal entlüften wie ne Bremse da der Geber nicht über eine automatische Nachfüllung ;"
nicht können;Geber;1;"Die alten Dinger konntest du nie normal entlüften wie ne Bremse da der Geber nicht über eine automatische Nachfüllung ;"
nicht können;Dinger;0;"Die alten Dinger konntest du nie normal entlüften wie ne Bremse da der Geber nicht über eine automatische Nachfüllung ;"
nicht können;Nachfüllung;1;"Die alten Dinger konntest du nie normal entlüften wie ne Bremse da der Geber nicht über eine automatische Nachfüllung ;"
nicht können;Bremse;1;"Die alten Dinger konntest du nie normal entlüften wie ne Bremse da der Geber nicht über eine automatische Nachfüllung ;"
Audianweisung;Audianweisung;1;"Audianweisung ;"
Vom;Radzyl;1;Vom li vorderen Radzyl.
Vom;li;0;Vom li vorderen Radzyl.
Vom;li vorderen Radzyl;1;Vom li vorderen Radzyl.
Schlauch;Schlauch;1;"einen Schlauch zum Nehmerzyl.verlegen. ;"
Schlauch;Nehmerzyl.verlegen;1;"einen Schlauch zum Nehmerzyl.verlegen. ;"
von;Entlüfterventil;1;"Also von Entlüfterventil zu Entlüfterventil. ;"
öffnen;Radzylinder;1;"Ventil vom Radzylinder und Nehmerzyl öffnen und ca 10 mal die Bremse betätigen. ;"
öffnen;Nehmerzyl;1;"Ventil vom Radzylinder und Nehmerzyl öffnen und ca 10 mal die Bremse betätigen. ;"
öffnen;Ventil;1;"Ventil vom Radzylinder und Nehmerzyl öffnen und ca 10 mal die Bremse betätigen. ;"
öffnen;Bremse;1;"Ventil vom Radzylinder und Nehmerzyl öffnen und ca 10 mal die Bremse betätigen. ;"
schliessen;Ventile;1;"Danach Ventile schliessen. ;"
nicht betätigen;Kupplung;1;"nicht beim entlüften die Kupplung betätigen. ;"
nicht betätigen;entlüften;1;"nicht beim entlüften die Kupplung betätigen. ;"
AEG;AEG;0;"AEG ;"
Zitat;Zitat;0;"Zitat: ;"
schreiben;@stef1992;0;@stef1992 schrieb am 30.
Mai;Mai;0;"Mai 2020 um 18:09:39 Uhr: ;"
Mai;Uhr;0;"Mai 2020 um 18:09:39 Uhr: ;"
Hallo;Hallo;0;"Hallo, ;"
Mfg;Mfg;0;"Mfg ;"
Tausch sein;Komponenten;1;Wie leicht oder Schwierig der Tausch der beiden Komponenten ist,
Tausch sein;Tausch;1;Wie leicht oder Schwierig der Tausch der beiden Komponenten ist,
Hallo;Hallo;0;"Hallo zusammen, ;"
benötigen;Gebrauch;0;Ich benötige ab Juni ein Auto für den alltäglichen Gebrauch.
benötigen;Juni;0;Ich benötige ab Juni ein Auto für den alltäglichen Gebrauch.
benötigen;Auto;1;Ich benötige ab Juni ein Auto für den alltäglichen Gebrauch.
zur;Uni;0;Täglich zur Uni und zurück (
km;10 bzw. 20 km;0;10 bzw. 20km)
km;km;0;10 bzw. 20km)
sowie;Wochenende;0;sowie am Wochenende Richtung Familie und Freunde (
sowie;Richtung;0;sowie am Wochenende Richtung Familie und Freunde (
sowie;Familie;0;sowie am Wochenende Richtung Familie und Freunde (
sowie;Freunde;0;sowie am Wochenende Richtung Familie und Freunde (
km;insgesamt 200 km;0;insgesamt 200 km).
km;km;0;insgesamt 200 km).
1.8S kommen;Baujahr;0;Nach einiger Recherche bin ich auf den Audi 80 1.8S mit 90PS und Baujahr zwischen 1986 und 1991 gekommen.
1.8S kommen;90PS;1;Nach einiger Recherche bin ich auf den Audi 80 1.8S mit 90PS und Baujahr zwischen 1986 und 1991 gekommen.
1.8S kommen;Audi;1;Nach einiger Recherche bin ich auf den Audi 80 1.8S mit 90PS und Baujahr zwischen 1986 und 1991 gekommen.
1.8S kommen;Recherche;0;Nach einiger Recherche bin ich auf den Audi 80 1.8S mit 90PS und Baujahr zwischen 1986 und 1991 gekommen.
angenehm sein;Typklassen-Werts;1;Vor allem wegen des Niedrigen Typklassen-Werts wodurch die Versicherungsbeiträge sehr angenehm sind.
angenehm sein;Versicherungsbeiträge;0;Vor allem wegen des Niedrigen Typklassen-Werts wodurch die Versicherungsbeiträge sehr angenehm sind.
sein;Thema;0;Und da sind wir auch schon beim größten Thema:
Unterhaltskosten;Unterhaltskosten;1;Unterhaltskosten.
unumgäglich sparen;Auto;1;Ein Auto ist leider unumgäglich jedoch möchte ich sparen wo ich kann.
Grund;B3;1;"Gründe deshalb für den Audi B3: ;"
Grund;Gründe;0;"Gründe deshalb für den Audi B3: ;"
Grund;Audi;1;"Gründe deshalb für den Audi B3: ;"
#NAME?;#NAME?;0;-Versicherung für mich (
liegen;Führerscheinbesitz;0;mit 20 Jahren und 3 Jahren Führerscheinbesitz liegt bei 400-
liegen;Jahren;0;mit 20 Jahren und 3 Jahren Führerscheinbesitz liegt bei 400-
€;€;0;"600€ Teilkasko pro Jahr ;"
€;Teilkasko;1;"600€ Teilkasko pro Jahr ;"
€;Jahr;0;"600€ Teilkasko pro Jahr ;"
€;600 € Teilkasko;0;"600€ Teilkasko pro Jahr ;"
#NAME?;#NAME?;0;-Steuer (
erfüllen;Norm;1;wenn bereits die Euro 2 Norm erfüllt wird -
erfüllen;Euro;1;wenn bereits die Euro 2 Norm erfüllt wird -
Hauptkriterium;Hauptkriterium;1;ein Hauptkriterium für einen potentiellen Kauf)
Hauptkriterium;Kauf;0;ein Hauptkriterium für einen potentiellen Kauf)
liegen;ca. 130 €;0;"liegt bei ca. 130€ pro Jahr ;"
liegen;€;0;"liegt bei ca. 130€ pro Jahr ;"
liegen;Jahr;0;"liegt bei ca. 130€ pro Jahr ;"
#NAME?;#NAME?;1;-Vollverzinkte Karosserie -
#NAME?;#NAME?;1;-Vollverzinkte Karosserie -
#NAME?;Karosserie;1;-Vollverzinkte Karosserie -
Rost;wenig/kein Rost;1;wenig/kein Rost,
Rost;wenig/kein;0;wenig/kein Rost,
Rost;Rost;1;wenig/kein Rost,
fallen;Grund;1;ein Grund weniger durch den TÜV zu fallen,
fallen;TÜV;1;ein Grund weniger durch den TÜV zu fallen,
Substanz;Substanz;0;"gute Substanz ;"
soll;Motor;1;-1.8S Motor soll ja sehr langlebig sein (
peilen;PM;1;im Moment peile ich den PM an,
peilen;Moment;0;im Moment peile ich den PM an,
Verbindung;Verbindung;1;Verbindung mit Euro 2 und sparsamer als die anderen)
Verbindung;Euro;1;Verbindung mit Euro 2 und sparsamer als die anderen)
und;Wartungen;1;"und Wartungen lassen sich größtenteils selbst machen. ;"
#NAME?;Wagen;1;"-Generell ein sehr sparsamer Wagen ;"
#NAME?;#NAME?;0;"-Generell ein sehr sparsamer Wagen ;"
finden;#NAME?;0;-Design und Image finde ich persönlich passend,
finden;Image;0;-Design und Image finde ich persönlich passend,
Fahranfänger;Fahranfänger;1;"Fahranfänger"""
Rentnerkarre;Rentnerkarre;0;"Rentnerkarre"". ;"
sollen;#NAME?;1;-Anschaffungspreis sollte so zwischen 1000-
liegen;€;0;"2000€ liegen ;"
liegen;2.000 €;0;"2000€ liegen ;"
habe;Problem;1;Ich habe kein Problem damit,
machen;Reparaturen;1;notwendige Reparaturen selber zu machen und ein bisschen zu basteln.
machen;notwendige Reparaturen;1;notwendige Reparaturen selber zu machen und ein bisschen zu basteln.
nicht leiden;Dinge;0;dass das tägliche Fahren nicht drunter leidet und die Dinge ohne spezielles Werkzeug/Hebebühne gemacht werden können.
nicht leiden;Fahren;1;dass das tägliche Fahren nicht drunter leidet und die Dinge ohne spezielles Werkzeug/Hebebühne gemacht werden können.
nicht leiden;tägliche Fahren;1;dass das tägliche Fahren nicht drunter leidet und die Dinge ohne spezielles Werkzeug/Hebebühne gemacht werden können.
nicht leiden;Werkzeug/Hebebühne;1;dass das tägliche Fahren nicht drunter leidet und die Dinge ohne spezielles Werkzeug/Hebebühne gemacht werden können.
liegen;Fahren;0;"Der Fokus liegt wie schon erwähnt auf dem täglichen Fahren und dabei gleichzeitig zu sparen. ;"
liegen;Fokus;0;"Der Fokus liegt wie schon erwähnt auf dem täglichen Fahren und dabei gleichzeitig zu sparen. ;"
Frage;Frage;0;Deshalb nun meine Frage(
#NAME?;#NAME?;0;-glaubt ihr,
Auto sein;Fall;0;"dass der b3 in diesem Fall das richtige Auto ist? ;"
Auto sein;b3;0;"dass der b3 in diesem Fall das richtige Auto ist? ;"
Auto sein;Auto;0;"dass der b3 in diesem Fall das richtige Auto ist? ;"
sein;Verbrauch;1;-wie sind eure Erfahrungen mit dem Verbrauch (
sein;Erfahrungen;1;-wie sind eure Erfahrungen mit dem Verbrauch (
sein;#NAME?;0;-wie sind eure Erfahrungen mit dem Verbrauch (
Kurzstrecke;Kurzstrecke;0;Kurzstrecke,
Langstrecke;Langstrecke;0;"Langstrecke)? ;"
hoch sein;Wartungsaufwand;1;"-Wie hoch ist der Wartungsaufwand und was kommen da für Kosten auf einen zu? ;"
hoch sein;Kosten;1;"-Wie hoch ist der Wartungsaufwand und was kommen da für Kosten auf einen zu? ;"
#NAME?;o;0;#NAME?
#NAME?;Kinderkrankheiten;0;#NAME?
Ä.;Ä.;0;"Ä. und Sachen auf die man beim Kauf unbedingt achten sollte? ;"
Ä.;Kauf;0;"Ä. und Sachen auf die man beim Kauf unbedingt achten sollte? ;"
Ä.;Sachen;0;"Ä. und Sachen auf die man beim Kauf unbedingt achten sollte? ;"
#NAME?;#NAME?;0;-Und zu guter Letzt:
#NAME?;Letzt;0;-Und zu guter Letzt:
kennen;alternative Autos;0;kennt ihr alternative Autos,
kennen;Autos;1;kennt ihr alternative Autos,
erfüllen;Bedingungen;1;"die die gleichen Bedingungen erfüllen? ;"
machen;Teilen;0;Das habe ich zu großen Teilen auch schon gemacht,
machen;Zeilen;0;"nur würde ich mir auf diese Art und Weise gerne einmal einen eignen Überblick zu meiner persönlichen Situation machen und nicht zwischen den Zeilen lesen wenn es um 80/90er oder b4s oder 2.0er Motoren geht. ;"
machen;Weise;0;"nur würde ich mir auf diese Art und Weise gerne einmal einen eignen Überblick zu meiner persönlichen Situation machen und nicht zwischen den Zeilen lesen wenn es um 80/90er oder b4s oder 2.0er Motoren geht. ;"
machen;Art;0;"nur würde ich mir auf diese Art und Weise gerne einmal einen eignen Überblick zu meiner persönlichen Situation machen und nicht zwischen den Zeilen lesen wenn es um 80/90er oder b4s oder 2.0er Motoren geht. ;"
machen;80/90er;1;"nur würde ich mir auf diese Art und Weise gerne einmal einen eignen Überblick zu meiner persönlichen Situation machen und nicht zwischen den Zeilen lesen wenn es um 80/90er oder b4s oder 2.0er Motoren geht. ;"
machen;Motoren;1;"nur würde ich mir auf diese Art und Weise gerne einmal einen eignen Überblick zu meiner persönlichen Situation machen und nicht zwischen den Zeilen lesen wenn es um 80/90er oder b4s oder 2.0er Motoren geht. ;"
machen;Überblick;1;"nur würde ich mir auf diese Art und Weise gerne einmal einen eignen Überblick zu meiner persönlichen Situation machen und nicht zwischen den Zeilen lesen wenn es um 80/90er oder b4s oder 2.0er Motoren geht. ;"
machen;Situation;0;"nur würde ich mir auf diese Art und Weise gerne einmal einen eignen Überblick zu meiner persönlichen Situation machen und nicht zwischen den Zeilen lesen wenn es um 80/90er oder b4s oder 2.0er Motoren geht. ;"
hoffen;Verständnis;0;Ich hoffe ihr habt Verständnis und habt ein paar kluge Antworten.
hoffen;Antworten;0;Ich hoffe ihr habt Verständnis und habt ein paar kluge Antworten.
gut sein;Idee;0;"Die Idee mit dem Audi 80 ist schon mal gut. ;"
gut sein;Audi;1;"Die Idee mit dem Audi 80 ist schon mal gut. ;"
haben;Unterstützung;1;bei dem du im Netz gute Unterstützung hast.
haben;Netz;1;bei dem du im Netz gute Unterstützung hast.
www.audi-80-scene;B.;0;"z. B. www.audi-80-scene ;"
www.audi-80-scene;www.audi-80-scene;0;"z. B. www.audi-80-scene ;"
werden;Alternative;1;Als Alternative würde ich den wesentlichen jüngeren,
vorschlagen;B5;1;moderneren A4 B5 vorschlagen.
vorschlagen;moderneren A4 B5;1;moderneren A4 B5 vorschlagen.
vorschlagen;A4;1;moderneren A4 B5 vorschlagen.
fahren;Typ;1;Der fährt sich auch deutlich besser als der hölzerne Typ 89.
musst;Klaren;0;Du musst dir bei der Wahl dieses Audi 80 schon im Klaren sein,
musst;Wahl;0;Du musst dir bei der Wahl dieses Audi 80 schon im Klaren sein,
musst;Audi;1;Du musst dir bei der Wahl dieses Audi 80 schon im Klaren sein,
fahren;Oldtimer;0;dass du praktisch einen Oldtimer fährst.
gehen;Exemplare;0;"Gut erhaltene Exemplare sind nicht so leicht zu finden sollten eher in Liebhaberhände gehen. ;"
gehen;erhaltene Exemplare;0;"Gut erhaltene Exemplare sind nicht so leicht zu finden sollten eher in Liebhaberhände gehen. ;"
gehen;Liebhaberhände;0;"Gut erhaltene Exemplare sind nicht so leicht zu finden sollten eher in Liebhaberhände gehen. ;"
Schau;Golf;1;Schau dir nen Golf IV an.
Karosse;Karosse;1;gute Karosse,
ABS;ABS;1;ABS,
Airbag;Airbag;1;"Airbag und Klima drinnen. ;"
Airbag;Klima;1;"Airbag und Klima drinnen. ;"
B4;B4;1;Alternativ nen B4.
B4;Alternativ B4;0;Alternativ nen B4.
haben;ABS;1;"Der hat zumindest immer ABS und mit etwas Glück auch Airbag und Klima. ;"
haben;Airbag;1;"Der hat zumindest immer ABS und mit etwas Glück auch Airbag und Klima. ;"
haben;Glück;0;"Der hat zumindest immer ABS und mit etwas Glück auch Airbag und Klima. ;"
haben;Klima;1;"Der hat zumindest immer ABS und mit etwas Glück auch Airbag und Klima. ;"
nehmen;B5;1;B5 würde ich aufgrund der teuren Mehrlenkerachse nicht nehmen.
nehmen;Mehrlenkerachse;1;B5 würde ich aufgrund der teuren Mehrlenkerachse nicht nehmen.
kosten;Teile;1;"Die Teile ohne Einbau kosten knapp 500€. Beim Selber einbauen kommt dann mindestens noch die Spurvermessung mit etwa 120€ hinzu. ;"
kosten;Selber;0;"Die Teile ohne Einbau kosten knapp 500€. Beim Selber einbauen kommt dann mindestens noch die Spurvermessung mit etwa 120€ hinzu. ;"
kosten;500€.;0;"Die Teile ohne Einbau kosten knapp 500€. Beim Selber einbauen kommt dann mindestens noch die Spurvermessung mit etwa 120€ hinzu. ;"
kosten;Einbau;1;"Die Teile ohne Einbau kosten knapp 500€. Beim Selber einbauen kommt dann mindestens noch die Spurvermessung mit etwa 120€ hinzu. ;"
kosten;Spurvermessung;1;"Die Teile ohne Einbau kosten knapp 500€. Beim Selber einbauen kommt dann mindestens noch die Spurvermessung mit etwa 120€ hinzu. ;"
kosten;€;0;"Die Teile ohne Einbau kosten knapp 500€. Beim Selber einbauen kommt dann mindestens noch die Spurvermessung mit etwa 120€ hinzu. ;"
bekommen;VW;1;ob man aus dem VW Konzern für 2k was brauchbares bekommt,
bekommen;Konzern;0;ob man aus dem VW Konzern für 2k was brauchbares bekommt,
bekommen;brauchbares;0;ob man aus dem VW Konzern für 2k was brauchbares bekommt,
bekommen;2k;0;ob man aus dem VW Konzern für 2k was brauchbares bekommt,
sollen;Reparaturen;1;wenn Reparaturen usw. selten sein sollen.
rechnen;Teilen;1;"Und 2k an Reparaturen bei nem alten Auto sind jetzt selbst in Teilen gerechnet keine Seltenheit. ;"
rechnen;Auto;1;"Und 2k an Reparaturen bei nem alten Auto sind jetzt selbst in Teilen gerechnet keine Seltenheit. ;"
rechnen;Reparaturen;1;"Und 2k an Reparaturen bei nem alten Auto sind jetzt selbst in Teilen gerechnet keine Seltenheit. ;"
rechnen;Seltenheit;0;"Und 2k an Reparaturen bei nem alten Auto sind jetzt selbst in Teilen gerechnet keine Seltenheit. ;"
rechnen;2k;0;"Und 2k an Reparaturen bei nem alten Auto sind jetzt selbst in Teilen gerechnet keine Seltenheit. ;"
.;Ggf;0;Ggf.
sollen;Japanern;0;solltest du dich mal bei den Japanern (
Mazda;Mazda;1;Mazda,
Subaru;Subaru;1;Subaru,
Toyota;Toyota;1;Toyota)
Daily;Daily;0;"Daily"""
empfehlen;Golf;1;auch einen Golf 4 empfehlen.
B3;Oldtimer;0;einen B3 eigentlich nur als Oldtimer,
B3;B3;1;einen B3 eigentlich nur als Oldtimer,
daily;daily;0;"daily"""
bekommen;Wartungsstau;1;guterhaltene Rentnerautos ohne Wartungsstau bekommt man sicher auch von anderen Herstellern,
bekommen;guterhaltene Rentnerautos;1;guterhaltene Rentnerautos ohne Wartungsstau bekommt man sicher auch von anderen Herstellern,
bekommen;Herstellern;1;guterhaltene Rentnerautos ohne Wartungsstau bekommt man sicher auch von anderen Herstellern,
bekommen;Rentnerautos;1;guterhaltene Rentnerautos ohne Wartungsstau bekommt man sicher auch von anderen Herstellern,
aber;Kenntnissen;0;"aber da fehlt es mir an Kenntnissen und Erfahrungen. ;"
aber;Erfahrungen;0;"aber da fehlt es mir an Kenntnissen und Erfahrungen. ;"
geb;Senf;0;"Ich geb hier auch mal meinen Senf dazu  ;"
finden;Fahrverhalten;1;Vom Fahrverhalten her finde ich die Typ89 schön,
finden;Typ89;1;Vom Fahrverhalten her finde ich die Typ89 schön,
holen;A3;1;"habe mir jetzt für den Winter zu meinem T89 noch einen A3 8L von 99 geholt und finde den vom Fahrwerk her geradezu rumpelig/unkomfortabel gegen meinen 90er  ;"
holen;Winter;0;"habe mir jetzt für den Winter zu meinem T89 noch einen A3 8L von 99 geholt und finde den vom Fahrwerk her geradezu rumpelig/unkomfortabel gegen meinen 90er  ;"
holen;rumpelig/unkomfortabel;0;"habe mir jetzt für den Winter zu meinem T89 noch einen A3 8L von 99 geholt und finde den vom Fahrwerk her geradezu rumpelig/unkomfortabel gegen meinen 90er  ;"
holen;Fahrwerk;1;"habe mir jetzt für den Winter zu meinem T89 noch einen A3 8L von 99 geholt und finde den vom Fahrwerk her geradezu rumpelig/unkomfortabel gegen meinen 90er  ;"
holen;T89;1;"habe mir jetzt für den Winter zu meinem T89 noch einen A3 8L von 99 geholt und finde den vom Fahrwerk her geradezu rumpelig/unkomfortabel gegen meinen 90er  ;"
holen;8L;1;"habe mir jetzt für den Winter zu meinem T89 noch einen A3 8L von 99 geholt und finde den vom Fahrwerk her geradezu rumpelig/unkomfortabel gegen meinen 90er  ;"
Wagen;schöner Wagen;0;Ein schöner Wagen.
Wagen;Wagen;0;Ein schöner Wagen.
freuen;Sommer;0;"Ich freue mich auf den Sommer  ;"
muss;Punkt;0;In einem Punkt muss ich meinen Vorrednern allerdings Recht geben:
muss;Vorrednern;0;In einem Punkt muss ich meinen Vorrednern allerdings Recht geben:
muss;Recht;0;In einem Punkt muss ich meinen Vorrednern allerdings Recht geben:
Anfängerauto sein;super günstiges Anfängerauto;1;Der 80er war ein super günstiges Anfängerauto,
Anfängerauto sein;Anfängerauto;1;Der 80er war ein super günstiges Anfängerauto,
Jahr sein;Jahre;0;"das ist jetzt aber 10 Jahre her. ;"
werden;Exemplare;0;"Zu dieser Zeit wurden leider auch einige schönen Exemplare """
werden;Zeit;0;"Zu dieser Zeit wurden leider auch einige schönen Exemplare """
wollen;Auto;1;du willst hier ein Auto kaufen was bis 91 gebaut wurde,
alt sein;Jahre;1;"d.h. der Wagen ist mindestens 29 Jahre alt! ;"
alt sein;Wagen;1;"d.h. der Wagen ist mindestens 29 Jahre alt! ;"
Wertarbeit haben;Liebe;0;"Trotz das die Audis echt solide tolle Wertarbeit waren wird dein Oldie Probleme haben und Liebe benötigen. ;"
Wertarbeit haben;Probleme;0;"Trotz das die Audis echt solide tolle Wertarbeit waren wird dein Oldie Probleme haben und Liebe benötigen. ;"
Wertarbeit haben;Audis;0;"Trotz das die Audis echt solide tolle Wertarbeit waren wird dein Oldie Probleme haben und Liebe benötigen. ;"
Wertarbeit haben;Oldie;0;"Trotz das die Audis echt solide tolle Wertarbeit waren wird dein Oldie Probleme haben und Liebe benötigen. ;"
Wertarbeit haben;Wertarbeit;0;"Trotz das die Audis echt solide tolle Wertarbeit waren wird dein Oldie Probleme haben und Liebe benötigen. ;"
schwierig finden;unverbasteltes/schönes;0;"Zunächst mal wirds schwierig ein unverbasteltes/schönes Exemplar für anständiges Geld zu finden ;"
schwierig finden;Exemplar;0;"Zunächst mal wirds schwierig ein unverbasteltes/schönes Exemplar für anständiges Geld zu finden ;"
schwierig finden;unverbasteltes/schönes Exemplar;0;"Zunächst mal wirds schwierig ein unverbasteltes/schönes Exemplar für anständiges Geld zu finden ;"
schwierig finden;Geld;0;"Zunächst mal wirds schwierig ein unverbasteltes/schönes Exemplar für anständiges Geld zu finden ;"
teuer mein;tradition;0;"Ersatzteile werden rar und können bei Audi tradition echt teuer sein. ;"
teuer mein;Ersatzteile;1;"Ersatzteile werden rar und können bei Audi tradition echt teuer sein. ;"
teuer mein;Audi;1;"Ersatzteile werden rar und können bei Audi tradition echt teuer sein. ;"
müssen;Zeit;0;Du wirst viel Zeit investieren müssen,
fällen;Zierleiste;0;das geht los von hier fällt ´ne Zierleiste ab,
lösen;Schaumstoff;1;über Schaumstoff der sich im Innenraum löst,
lösen;Innenraum;1;über Schaumstoff der sich im Innenraum löst,
über;Rost;1;über Rost,
über;Teilebeschaffung;1;über aufwendige Teilebeschaffung bis hin zu Motor-,
über;aufwendige Teilebeschaffung;1;über aufwendige Teilebeschaffung bis hin zu Motor-,
und;Getriebeproblemen;1;und Getriebeproblemen.
können;Dinge;0;Das können schon Dinge sein die sich nicht mit nem Schraubendreher und ´nem Hammer lösen lassen,
können;Hammer;1;Das können schon Dinge sein die sich nicht mit nem Schraubendreher und ´nem Hammer lösen lassen,
können;´;0;Das können schon Dinge sein die sich nicht mit nem Schraubendreher und ´nem Hammer lösen lassen,
können;Schraubendreher;1;Das können schon Dinge sein die sich nicht mit nem Schraubendreher und ´nem Hammer lösen lassen,
sondern;Geld;1;"sondern auch echt ins Geld gehen. ;"
nicht machen;Zink;1;"Auch Zink macht Metall nicht unsterblich. ;"
nicht machen;Metall;1;"Auch Zink macht Metall nicht unsterblich. ;"
Wahl;tolle Wahl;0;"tolle Wahl!! ;"
Wahl;Wahl;0;"tolle Wahl!! ;"
kaufen;Bj1988;0;Ich habe meinen 90er Bj1988 2013 super günstig aus erster Rentnerhand gekauft,
kaufen;Rentnerhand;0;Ich habe meinen 90er Bj1988 2013 super günstig aus erster Rentnerhand gekauft,
und;Daily-Driver;0;und fahre ihn bis heute als Daily-Driver.
gefahren;Geschäftsreisen;0;Auch auf Geschäftsreisen usw bin ich den Audi gefahren.
gefahren;Audi;0;Auch auf Geschäftsreisen usw bin ich den Audi gefahren.
Gekauft;100.000 km;1;Gekauft mit 100.000km,
Gekauft;km;1;Gekauft mit 100.000km,
haben;km;1;"jetzt hat er 290.000km ;"
erste sein;Winter;0;Der Winter ist der erste,
Fahre;Fahre;0;in dem ich was anderes Fahre.
stehen;Rost;1;"Wegen Rost steht der 90er in der Garage. ;"
stehen;90er;1;"Wegen Rost steht der 90er in der Garage. ;"
stehen;Garage;1;"Wegen Rost steht der 90er in der Garage. ;"
bezahlen;780 Euro;1;"Habe damals 780 Euro bezahlt. ;"
bezahlen;Euro;0;"Habe damals 780 Euro bezahlt. ;"
investieren;Euro;0;"Habe bis heute in Instandhaltung/Wartung/Reparaturen sicher 5000 Euro investiert. ;"
investieren;Instandhaltung/Wartung/Reparaturen;1;"Habe bis heute in Instandhaltung/Wartung/Reparaturen sicher 5000 Euro investiert. ;"
als;Vergleich;0;"Nur so als Vergleich.. ;"
soll;B;0;Wenns nur Fahren und sicher von A nach B sein soll:
soll;Fahren;0;Wenns nur Fahren und sicher von A nach B sein soll:
soll;A;0;Wenns nur Fahren und sicher von A nach B sein soll:
Kaufen Würde;Kaufen;0;"Würde eher was neueres Kaufen ;"
Erfolg;Erfolg;0;viel Erfolg bei der Suche,
Erfolg;Suche;0;viel Erfolg bei der Suche,
hoffen;Gemeinde;0;"ich hoffe du findest einen anständigen 80er und wilkommen in der Gemeinde  ;"
hoffen;wilkommen;0;"ich hoffe du findest einen anständigen 80er und wilkommen in der Gemeinde  ;"
Mfg;Mfg;0;"Mfg  ;"
denken;Zeiten;0;"Ich denke auch das die Zeiten vorbei sind wo ein 80er ein günstiges Anfänger Auto war. ;"
denken;Auto;1;"Ich denke auch das die Zeiten vorbei sind wo ein 80er ein günstiges Anfänger Auto war. ;"
musst;Garagenwagen;1;"Da musst du schon Glück haben und noch einen gepflegten Garagenwagen für wenig Geld finden. ;"
musst;Glück;0;"Da musst du schon Glück haben und noch einen gepflegten Garagenwagen für wenig Geld finden. ;"
musst;Geld;0;"Da musst du schon Glück haben und noch einen gepflegten Garagenwagen für wenig Geld finden. ;"
Problem sein;Problem;1;Ansonsten ist das hohe Alter inzwischen ein Problem,
Problem sein;Alter;0;Ansonsten ist das hohe Alter inzwischen ein Problem,
Problem sein;hohe Alter;1;Ansonsten ist das hohe Alter inzwischen ein Problem,
rosten;Kraftstoffleitungen;1;Kraftstoffleitungen rosten durch,
faulen;Vorderachse;1;der Aggregateträger der Vorderachse fault weg,
faulen;Aggregateträger;1;der Aggregateträger der Vorderachse fault weg,
faulen;fault;0;der Aggregateträger der Vorderachse fault weg,
rosten;Federbeinrohre;1;Federbeinrohre vorne rosten durch,
porös werden;Schaumstoffe;1;"alle möglichen Kunststoffe und Schaumstoffe im Innenraum werden porös oder lösen sich auf usw... ;"
porös werden;möglichen Kunststoffe;0;"alle möglichen Kunststoffe und Schaumstoffe im Innenraum werden porös oder lösen sich auf usw... ;"
porös werden;Kunststoffe;1;"alle möglichen Kunststoffe und Schaumstoffe im Innenraum werden porös oder lösen sich auf usw... ;"
porös werden;Innenraum;1;"alle möglichen Kunststoffe und Schaumstoffe im Innenraum werden porös oder lösen sich auf usw... ;"
porös werden;usw;0;"alle möglichen Kunststoffe und Schaumstoffe im Innenraum werden porös oder lösen sich auf usw... ;"
Auskunft;Auskunft;0;"Und dann die übliche Auskunft beim VAG Teiledealer """
Auskunft;Teiledealer;1;"Und dann die übliche Auskunft beim VAG Teiledealer """
Auskunft;VAG;1;"Und dann die übliche Auskunft beim VAG Teiledealer """
Auskunft;übliche Auskunft;0;"Und dann die übliche Auskunft beim VAG Teiledealer """
tun;Leid;0;tut mir Leid,
EoE sein;EoE;0;"ist alles EoE"" ... ;"
Dank;Antworten;0;Vielen Dank für die ganzen Antworten.
Dank;Dank;0;Vielen Dank für die ganzen Antworten.
Frage;Frage;0;Nun meine Frage:
steigen;B4;1;inwiefern steigen denn die Kosten wenn man jetzt z.B. einen B4 oder A4 B5 nimmt?
steigen;z.B.;0;inwiefern steigen denn die Kosten wenn man jetzt z.B. einen B4 oder A4 B5 nimmt?
steigen;Kosten;1;inwiefern steigen denn die Kosten wenn man jetzt z.B. einen B4 oder A4 B5 nimmt?
steigen;B5;1;inwiefern steigen denn die Kosten wenn man jetzt z.B. einen B4 oder A4 B5 nimmt?
steigen;A4;1;inwiefern steigen denn die Kosten wenn man jetzt z.B. einen B4 oder A4 B5 nimmt?
teuer werden;Klar Versicherung;0;Klar Versicherung wird teurer (
teuer werden;Versicherung;1;Klar Versicherung wird teurer (
runtergerechnet;runtergerechnet;0;aber runtergerechnet auf die Kosten pro Monat nicht viel im Vergleich zum Sprit).
runtergerechnet;Vergleich;0;aber runtergerechnet auf die Kosten pro Monat nicht viel im Vergleich zum Sprit).
runtergerechnet;Kosten;0;aber runtergerechnet auf die Kosten pro Monat nicht viel im Vergleich zum Sprit).
runtergerechnet;Monat;0;aber runtergerechnet auf die Kosten pro Monat nicht viel im Vergleich zum Sprit).
runtergerechnet;Sprit;0;aber runtergerechnet auf die Kosten pro Monat nicht viel im Vergleich zum Sprit).
sehen;Sinne;0;Wie sieht's in dem Sinne mit dem Verbrauch aus?
sehen;Verbrauch;1;Wie sieht's in dem Sinne mit dem Verbrauch aus?
verbrauchen;Motorisierung;1;Soweit ich weiß verbrauchen beide bei ähnlicher Motorisierung mehr.
können;A4;1;Und kann man bei einem A4 noch was selber machen?
muss;Werkstatt;1;"wenn man wegen jeder Kleinigkeit in die Werkstatt muss weil man zum einen nichts mehr sieht und nirgendwo rankommt und zum anderen Fehlermeldungen ausgelesen werden müssen und sowas...  ;"
muss;Kleinigkeit;1;"wenn man wegen jeder Kleinigkeit in die Werkstatt muss weil man zum einen nichts mehr sieht und nirgendwo rankommt und zum anderen Fehlermeldungen ausgelesen werden müssen und sowas...  ;"
muss;Fehlermeldungen;1;"wenn man wegen jeder Kleinigkeit in die Werkstatt muss weil man zum einen nichts mehr sieht und nirgendwo rankommt und zum anderen Fehlermeldungen ausgelesen werden müssen und sowas...  ;"
in;Sinne;0;Und in dem Sinne auch eine (
Frage;Frage;0;ganz blöde Frage:
Frage;blöde Frage;0;ganz blöde Frage:
sein;Diesel;1;was ist gerade beim A4 mit Diesel?
sein;A4;1;was ist gerade beim A4 mit Diesel?
Verbrauch;Verbrauch;1;Verbrauch geringer und (
Literpreis;Literpreis;1;"günstigerer Literpreis. ;"
Literpreis;günstigerer Literpreis;1;"günstigerer Literpreis. ;"
auslegen sein;B4;1;"Der B4 ist etwas schwerer und der Antrieb ist auch nicht mehr so sparsam ausgelegt  ;"
auslegen sein;Antrieb;1;"Der B4 ist etwas schwerer und der Antrieb ist auch nicht mehr so sparsam ausgelegt  ;"
geben;Getriebe;1;Es gibt frühe 2.0 mit 90PS und lang übersetzten Getriebe,
geben;90PS;1;Es gibt frühe 2.0 mit 90PS und lang übersetzten Getriebe,
kommen;recht;0;"das kommt dem 1.8S recht nah ;"
übersetzen sein;recht;0;"Ansonsten sind 2.0 und 2.0E recht kurz übersetzt ;"
liegen;Überland;1;Mit viel Überland liegst auch bisschen unter 8l/100km,
in;Stadt;1;"in der Stadt auch schon 9,5l rum ;"
in;9,5l;1;"in der Stadt auch schon 9,5l rum ;"
aussehen;B5;1;"Wird aber auch beim B5 nicht viel anders aussehen  ;"
is;Tonne;1;"Da is der B3 mit ner knappen Tonne Gewicht im Vorteil ;"
is;Gewicht;1;"Da is der B3 mit ner knappen Tonne Gewicht im Vorteil ;"
is;B3;1;"Da is der B3 mit ner knappen Tonne Gewicht im Vorteil ;"
is;Vorteil;1;"Da is der B3 mit ner knappen Tonne Gewicht im Vorteil ;"
sollen;ABS;1;ABS solltest vielleicht schon haben,
gBs;B3,aber;0;"gBs auch im B3,aber eher selten ;"
gBs;gBs;1;"gBs auch im B3,aber eher selten ;"
haben;B4;1;Nicht jeder B4 hat ABS,
haben;ABS;1;Nicht jeder B4 hat ABS,
Extra sein;Sommer;0;"das war bis Sommer 1993 auch ein teures Extra ;"
Extra sein;Extra;1;"das war bis Sommer 1993 auch ein teures Extra ;"
Serie;Serie;1;Ab da dann Serie,
finden;B4;1;"B4 findest du aber schon wesentlich häufiger mit ;"
finden;wertiger;0;Qualitativ finde ich den B3 bisschen wertiger,
finden;B3;1;Qualitativ finde ich den B3 bisschen wertiger,
sein;B4;1;dafür ist der B4 mit längeren Radstand,
sein;Radstand;1;dafür ist der B4 mit längeren Radstand,
Spur;Spur;1;"breiterer Spur und grösseren Rädern aber schon komfortabler und wirkt ausgereifter ;"
Spur;Rädern;1;"breiterer Spur und grösseren Rädern aber schon komfortabler und wirkt ausgereifter ;"
Spur;breiterer Spur;1;"breiterer Spur und grösseren Rädern aber schon komfortabler und wirkt ausgereifter ;"
Sache sein;Sache;0;"Rost ist so ne Sache  ;"
Sache sein;Rost;1;"Rost ist so ne Sache  ;"
hyben;Karosserien;1;Die Autos hyben vollverzinkte Karosserien,
hyben;Autos;1;Die Autos hyben vollverzinkte Karosserien,
haben;Buckel;0;Die Autos haben aber auch schon gut 25 Jahre und mehr aufm Buckel,
haben;Jahre;1;Die Autos haben aber auch schon gut 25 Jahre und mehr aufm Buckel,
haben;Autos;1;Die Autos haben aber auch schon gut 25 Jahre und mehr aufm Buckel,
Zitat;Zitat;0;"Zitat: ;"
schreiben;@emil2267;0;@emil2267 schrieb am 7.
Februar;Februar;0;"Februar 2020 um 00:38:04 Uhr: ;"
Februar;Uhr;0;"Februar 2020 um 00:38:04 Uhr: ;"
auslegen sein;B4;1;"Der B4 ist etwas schwerer und der Antrieb ist auch nicht mehr so sparsam ausgelegt  ;"
auslegen sein;Antrieb;1;"Der B4 ist etwas schwerer und der Antrieb ist auch nicht mehr so sparsam ausgelegt  ;"
geben;Getriebe;1;Es gibt frühe 2.0 mit 90PS und lang übersetzten Getriebe,
geben;90PS;1;Es gibt frühe 2.0 mit 90PS und lang übersetzten Getriebe,
kommen;recht;0;"das kommt dem 1.8S recht nah ;"
Gang;Gang;1;"Gang? ;"
Wahl fahren;Kurzstrecke;1;Wenn die Plakette kein muss ist und du wenig Kurzstrecke fährst ist ein 1.9 TDI sicher ne gute Wahl.
Wahl fahren;TDI;1;Wenn die Plakette kein muss ist und du wenig Kurzstrecke fährst ist ein 1.9 TDI sicher ne gute Wahl.
Wahl fahren;Plakette;1;Wenn die Plakette kein muss ist und du wenig Kurzstrecke fährst ist ein 1.9 TDI sicher ne gute Wahl.
Wahl fahren;Wahl;0;Wenn die Plakette kein muss ist und du wenig Kurzstrecke fährst ist ein 1.9 TDI sicher ne gute Wahl.
egal;PD;1;"Ganz egal ob als VEP oder PD Motor. ;"
egal;VEP;1;"Ganz egal ob als VEP oder PD Motor. ;"
egal;Motor;1;"Ganz egal ob als VEP oder PD Motor. ;"
Wurden;Audi;1;Wurden Audi 80,
6L;km;1;"als auch im A4 und Golf verbaut und sind relativ langlebig und bei vernünftiger Fahrweise bei ca 6L auf 100km relativ genügsam. ;"
6L;Golf;1;"als auch im A4 und Golf verbaut und sind relativ langlebig und bei vernünftiger Fahrweise bei ca 6L auf 100km relativ genügsam. ;"
6L;Fahrweise;1;"als auch im A4 und Golf verbaut und sind relativ langlebig und bei vernünftiger Fahrweise bei ca 6L auf 100km relativ genügsam. ;"
6L;ca;0;"als auch im A4 und Golf verbaut und sind relativ langlebig und bei vernünftiger Fahrweise bei ca 6L auf 100km relativ genügsam. ;"
6L;A4;1;"als auch im A4 und Golf verbaut und sind relativ langlebig und bei vernünftiger Fahrweise bei ca 6L auf 100km relativ genügsam. ;"
Problem machen;Problem;1;Selber machen ist bis hin zum A4 B7 bei den meisten Motoren kein Problem.
Problem machen;Motoren;1;Selber machen ist bis hin zum A4 B7 bei den meisten Motoren kein Problem.
Problem machen;B7;1;Selber machen ist bis hin zum A4 B7 bei den meisten Motoren kein Problem.
Problem machen;A4 B7;1;Selber machen ist bis hin zum A4 B7 bei den meisten Motoren kein Problem.
Problem machen;A4;1;Selber machen ist bis hin zum A4 B7 bei den meisten Motoren kein Problem.
sollen;Fahrzeuge;1;"Für die neueren Fahrzeuge wie A4 oder Golf sollte man sich aber ein Diagnosegerät besorgen. ;"
sollen;neueren Fahrzeuge;1;"Für die neueren Fahrzeuge wie A4 oder Golf sollte man sich aber ein Diagnosegerät besorgen. ;"
sollen;Diagnosegerät;1;"Für die neueren Fahrzeuge wie A4 oder Golf sollte man sich aber ein Diagnosegerät besorgen. ;"
sollen;Golf;1;"Für die neueren Fahrzeuge wie A4 oder Golf sollte man sich aber ein Diagnosegerät besorgen. ;"
sollen;A4;1;"Für die neueren Fahrzeuge wie A4 oder Golf sollte man sich aber ein Diagnosegerät besorgen. ;"
einen sein;Kraftstoff;1;dass Kraftstoff eine der kleinsten Kostenstellen beim Fahrzeug ist.
einen sein;Kostenstellen;1;dass Kraftstoff eine der kleinsten Kostenstellen beim Fahrzeug ist.
einen sein;Fahrzeug;1;dass Kraftstoff eine der kleinsten Kostenstellen beim Fahrzeug ist.
werden;Verbrauch;1;"Das wird erst ab nem Verbrauch von 15l oder mehr interessant. ;"
musst;Modellen;1;"Bei allen A4 Modellen musst du definitiv die Mehrlenkerachse mit einkalkulieren. ;"
musst;Mehrlenkerachse;1;"Bei allen A4 Modellen musst du definitiv die Mehrlenkerachse mit einkalkulieren. ;"
musst;A4;1;"Bei allen A4 Modellen musst du definitiv die Mehrlenkerachse mit einkalkulieren. ;"
musst;A4 Modellen;1;"Bei allen A4 Modellen musst du definitiv die Mehrlenkerachse mit einkalkulieren. ;"
Sache;Auspuff;1;Bei den alten Fahrzeugen so Sachen wie Auspuff,
Sache;Fahrzeugen;1;Bei den alten Fahrzeugen so Sachen wie Auspuff,
Sache;Sachen;0;Bei den alten Fahrzeugen so Sachen wie Auspuff,
Sache;alten Fahrzeugen;1;Bei den alten Fahrzeugen so Sachen wie Auspuff,
sich;Verkleidungen;1;sich auflösende Verkleidungen,
verlegt;Verlegte;0;Verlegte oder leckende Kühler,
verlegt;Kühler;1;Verlegte oder leckende Kühler,
...;Federn&Dämpfer;1;Federn&Dämpfer,...
gut sein;Vollverzinkung;1;Die Vollverzinkung ist gut,
aber;Thema;0;"aber bei knapp 30 Jahren ist Rost ein Thema. ;"
aber;Jahren;1;"aber bei knapp 30 Jahren ist Rost ein Thema. ;"
aber;Rost;1;"aber bei knapp 30 Jahren ist Rost ein Thema. ;"
aber;knapp 30;0;"aber bei knapp 30 Jahren ist Rost ein Thema. ;"
haben;Familienkutsche;0;Wir hatten als Familienkutsche mal einen Scoda Octavia 1 Baujahr 2004,
haben;Baujahr;1;Wir hatten als Familienkutsche mal einen Scoda Octavia 1 Baujahr 2004,
haben;Scoda;1;Wir hatten als Familienkutsche mal einen Scoda Octavia 1 Baujahr 2004,
haben;Octavia;1;Wir hatten als Familienkutsche mal einen Scoda Octavia 1 Baujahr 2004,
kombi;1.9 tdi kombi;1;"1.9 tdi kombi ;"
kombi;kombi;1;"1.9 tdi kombi ;"
kombi;tdi;1;"1.9 tdi kombi ;"
haben;ausstattung;1;Der hatte zwar echt wenig ausstattung,
aber;tolles Fahrwerk;0;aber ein tolles Fahrwerk,
aber;Fahrwerk;1;aber ein tolles Fahrwerk,
unkaputtbar verbrauchen;5einhalb Liter Diesel;1;hat nur 5einhalb Liter Diesel verbraucht und war praktisch unkaputtbar.
unkaputtbar verbrauchen;Liter;1;hat nur 5einhalb Liter Diesel verbraucht und war praktisch unkaputtbar.
unkaputtbar verbrauchen;Diesel;1;hat nur 5einhalb Liter Diesel verbraucht und war praktisch unkaputtbar.
draufgefahren;km;1;Wir haben über 250.000 km draufgefahren,
Klimaanlage;Klimaanlage;1;Klimaanlage,
boadcomputer;boadcomputer;1;boadcomputer,
standard sein;servolenkung/abs;1;"servolenkung/abs war standard ;"
standard sein;standard;1;"servolenkung/abs war standard ;"
mal;anregung;0;Nur mal so als anregung.
halten;ausschau;0;"Wenn ich mir was billiges zun easy fahren suchen würde würd ich vielleicht wieder nach sowas ausschau halten ;"
Bedenke;Bedenke;0;Bedenke:
teuer sein;ersatzteilregal;1;"das ersatzteilregal ist bei Audi egal welches Modell immer etwas teurer ;"
teuer sein;Audi;1;"das ersatzteilregal ist bei Audi egal welches Modell immer etwas teurer ;"
teuer sein;Modell;1;"das ersatzteilregal ist bei Audi egal welches Modell immer etwas teurer ;"
schauen;Motor;1;"Ja wenn's wirklich nur ums Geld geht würde ich auch eher nach sowas schauen oder einen Golf IV mit dem 1.8er Motor. ;"
schauen;Golf;1;"Ja wenn's wirklich nur ums Geld geht würde ich auch eher nach sowas schauen oder einen Golf IV mit dem 1.8er Motor. ;"
schauen;Geld;1;"Ja wenn's wirklich nur ums Geld geht würde ich auch eher nach sowas schauen oder einen Golf IV mit dem 1.8er Motor. ;"
ausschließen;A4;1;"Also Golf 4 und Audi A4 habe ich gleich mal ausgeschlossen!!!! ;"
ausschließen;Golf;1;"Also Golf 4 und Audi A4 habe ich gleich mal ausgeschlossen!!!! ;"
ausschließen;Audi;1;"Also Golf 4 und Audi A4 habe ich gleich mal ausgeschlossen!!!! ;"
Kosten;doppelte Kosten;1;"doppelte Kosten für die Versicherung! ;"
Kosten;Versicherung;1;"doppelte Kosten für die Versicherung! ;"
Kosten;Kosten;1;"doppelte Kosten für die Versicherung! ;"
kaufen;Woche;1;Habe mit letzte Woche einen Audi 80 B3 aus erster Hand für 1600€ gekauft.
kaufen;B3;1;Habe mit letzte Woche einen Audi 80 B3 aus erster Hand für 1600€ gekauft.
kaufen;Audi;1;Habe mit letzte Woche einen Audi 80 B3 aus erster Hand für 1600€ gekauft.
kaufen;Hand;0;Habe mit letzte Woche einen Audi 80 B3 aus erster Hand für 1600€ gekauft.
kaufen;letzte Woche;1;Habe mit letzte Woche einen Audi 80 B3 aus erster Hand für 1600€ gekauft.
kaufen;€;1;Habe mit letzte Woche einen Audi 80 B3 aus erster Hand für 1600€ gekauft.
Läuft;Sohn;0;Läuft einwandfrei und mein Sohn,
begeistern machen;fahrversuche;1;"der seine ersten fahrversuche damit machen soll ist begeistert. ;"
habe;Kennzeichen;1;Zusätzlich habe ich H Kennzeichen,
Fahrverbote;Fahrverbote;1;also keinerlei Fahrverbote.
machen;Foto;0;"Das Foto macht einiges gut glaube ich ... aber er ist in gutem Zustand. ;"
machen;Zustand;1;"Das Foto macht einiges gut glaube ich ... aber er ist in gutem Zustand. ;"
bringen;Fordermann;0;"Im Frühjahr wird poliert und die Kunststoffe auf Fordermann gebracht. ;"
bringen;Kunststoffe;1;"Im Frühjahr wird poliert und die Kunststoffe auf Fordermann gebracht. ;"
bringen;Frühjahr;0;"Im Frühjahr wird poliert und die Kunststoffe auf Fordermann gebracht. ;"
müssen;Kotflügel;1;Zwei Kotflügel müssen mal hin.
S.Martin;S.Martin;0;"S.Martin schon nen Wagen gefunden oder dich entschieden? ;"
S.Martin;Wagen;1;"S.Martin schon nen Wagen gefunden oder dich entschieden? ;"
sein;Juni;1;da ich erst im Juni wieder in Deutschland bin.
sein;Deutschland;1;da ich erst im Juni wieder in Deutschland bin.
angeboten;Tagen;1;Vor ein paar Tagen hat mir jedoch ein bekannter einen Polo 86c angeboten.
angeboten;Polo;1;Vor ein paar Tagen hat mir jedoch ein bekannter einen Polo 86c angeboten.
sein;Audi;1;Ist zwar kein 80er Audi aber er hat selbst einen und macht den,
sein;80er Audi;1;Ist zwar kein 80er Audi aber er hat selbst einen und macht den,
Heißt;Riemen;1;Heißt alles von Riemen bis Felgen und Reifen.
Heißt;Felgen;1;Heißt alles von Riemen bis Felgen und Reifen.
Heißt;Reifen;1;Heißt alles von Riemen bis Felgen und Reifen.
mein;TÜV;1;Preis wird um die 1000 sein und er macht noch neuen TÜV.
mein;Preis;1;Preis wird um die 1000 sein und er macht noch neuen TÜV.
und;Auto;1;und das Auto schon was hat).
uralt sein;86c;1;ein 86c ist aber auch schon uralt.
musste;Prinzip;0;"Da musste du im Prinzip nach den selben Problemstellen wie beim 80er schauen. ;"
musste;Problemstellen;1;"Da musste du im Prinzip nach den selben Problemstellen wie beim 80er schauen. ;"
musste;schauen;0;"Da musste du im Prinzip nach den selben Problemstellen wie beim 80er schauen. ;"
rosten;Bsp.;0;"Zum Bsp. Kraftstoff- und Bremsleitungen rosten gerne im Bereich der Hinterachse durch... ;"
rosten;Bremsleitungen;1;"Zum Bsp. Kraftstoff- und Bremsleitungen rosten gerne im Bereich der Hinterachse durch... ;"
rosten;Hinterachse;1;"Zum Bsp. Kraftstoff- und Bremsleitungen rosten gerne im Bereich der Hinterachse durch... ;"
rosten;Bereich;1;"Zum Bsp. Kraftstoff- und Bremsleitungen rosten gerne im Bereich der Hinterachse durch... ;"
Lässt;recht;0;"Lässt sich bei dem aber auch alles recht leicht reparieren. ;"
Zitat;Zitat;0;"Zitat: ;"
schreiben;@Bodenblech_78;0;@Bodenblech_78 schrieb am 12.
Februar;Februar;0;"Februar 2020 um 18:53:12 Uhr: ;"
Februar;Uhr;0;"Februar 2020 um 18:53:12 Uhr: ;"
.;M.n;0;M.n.
Zettel;Plakette;1;1 großer Zettel für einen frisch aufbereiteten 86C mit neuer Plakette von einem befreundeten Schrauber,
Zettel;Zettel;0;1 großer Zettel für einen frisch aufbereiteten 86C mit neuer Plakette von einem befreundeten Schrauber,
Zettel;86C;0;1 großer Zettel für einen frisch aufbereiteten 86C mit neuer Plakette von einem befreundeten Schrauber,
Zettel;1 Zettel;0;1 großer Zettel für einen frisch aufbereiteten 86C mit neuer Plakette von einem befreundeten Schrauber,
Zettel;Schrauber;1;1 großer Zettel für einen frisch aufbereiteten 86C mit neuer Plakette von einem befreundeten Schrauber,
weiterhelfen;Fragen+Problemen;0;"der dir bei zukünftigen Fragen+Problemen weiterhelfen kann/wird! ;"
weiterhelfen;kann/wird;0;"der dir bei zukünftigen Fragen+Problemen weiterhelfen kann/wird! ;"
gefallen;Kiste;1;"wenn dir die kleine Kiste gefällt... ;"
bevorzugen;B4;1;Ich persönlich würde allerdings einen B4 bevorzugen -
wollen;Kurzstrecke;1;"wenn du nicht nur Kurzstrecke bzw. Stadtverkehr fahren willst. ;"
wollen;Stadtverkehr;1;"wenn du nicht nur Kurzstrecke bzw. Stadtverkehr fahren willst. ;"
voll;eyecatcher;0;Vor allem voll der eyecatcher !!
Habe;B4;1;Habe einen B4 mit 2.0e aus 94 als Anfängerauto.
Habe;2.0e;1;Habe einen B4 mit 2.0e aus 94 als Anfängerauto.
Habe;Anfängerauto;1;Habe einen B4 mit 2.0e aus 94 als Anfängerauto.
Verbrauch;Verbrauch;1;Verbrauch im Sommer 8,3l -im Winter 10l.
Verbrauch;Sommer;1;Verbrauch im Sommer 8,3l -im Winter 10l.
Verbrauch;Winter;1;Verbrauch im Sommer 8,3l -im Winter 10l.
Steuer;Vorteile;1;Steuer im Jahr 135€. Versicherung etwa 600€. Vorteile zum B3:
Steuer;Steuer;0;Steuer im Jahr 135€. Versicherung etwa 600€. Vorteile zum B3:
Steuer;Versicherung;1;Steuer im Jahr 135€. Versicherung etwa 600€. Vorteile zum B3:
Steuer;600€.;1;Steuer im Jahr 135€. Versicherung etwa 600€. Vorteile zum B3:
Steuer;B3;1;Steuer im Jahr 135€. Versicherung etwa 600€. Vorteile zum B3:
Steuer;Jahr;1;Steuer im Jahr 135€. Versicherung etwa 600€. Vorteile zum B3:
Kofferraum;Modellen;1;viel größerer Kofferraum und bei den späten Modellen bessere Sicherheitskomponenten und (
Kofferraum;Kofferraum;1;viel größerer Kofferraum und bei den späten Modellen bessere Sicherheitskomponenten und (
Kofferraum;Sicherheitskomponenten;1;viel größerer Kofferraum und bei den späten Modellen bessere Sicherheitskomponenten und (
Kofferraum;größerer Kofferraum;1;viel größerer Kofferraum und bei den späten Modellen bessere Sicherheitskomponenten und (
Ausstattung;bessere Ausstattung;1;bessere Ausstattung.
Ausstattung;Ausstattung;1;bessere Ausstattung.
Nachteil;Nachteile;1;Nachteile:
und;Verbrauch;1;und je nach dem höherer Verbrauch.
und;höherer Verbrauch;1;und je nach dem höherer Verbrauch.
Hallo;Hallo;0;Hallo,
fahren;Leidenschaft;0;Audi 80 fährt man nur noch aus Leidenschaft.
fahren;Audi;1;Audi 80 fährt man nur noch aus Leidenschaft.
Auto können;Auto;1;Wenn man viel selber machen kann ist das ein super Auto.
geben;Audi;1;Es gibt kein Audi mit 26+
Jahr;Jahren;0;Jahren wo man nicht praktisch alles ertüchtigen muss.
laufen;km;0;Egal mit wieviel km gelaufen.
nicht zeitgemäß sein;Verbrauch;1;Verbrauch und Leistung sind nicht mehr zeitgemäß.
nicht zeitgemäß sein;Leistung;1;Verbrauch und Leistung sind nicht mehr zeitgemäß.
finden;Autoampel;1;Über Autoampel findest du günstige Typenklassen.
finden;Typenklassen;1;Über Autoampel findest du günstige Typenklassen.
modern sein;Autos;1;Vielleicht sind ja Autos dabei die wesentlich moderner sind.
Dank;Antworten;0;Danke für all die Antworten -
am;Rande;0;Mal am Rande:
werden;Jahr;0;"meiner wird nächstes Jahr 30 und das H interessiert mich überhaupt nicht! ;"
werden;H;0;"meiner wird nächstes Jahr 30 und das H interessiert mich überhaupt nicht! ;"
Lagebernd;Super;0;"Super Lagebernd .... jetzt wissen wir es ;"
Lagebernd;Lagebernd;0;"Super Lagebernd .... jetzt wissen wir es ;"
Sodele;Sodele;0;Sodele,
geb;Senf;0;jetzt geb ich auch mal noch meinen Senf dazu,
fahr;B4;1;ich fahr seit nem Jahr nen 2.0 80er B4 Avant,
fahr;Jahr;0;ich fahr seit nem Jahr nen 2.0 80er B4 Avant,
entspannen;fahren;0;sehr entspannt zum fahren und Mega günstig von Steuer und Versicherung her (
entspannen;Steuer;1;sehr entspannt zum fahren und Mega günstig von Steuer und Versicherung her (
entspannen;Mega;0;sehr entspannt zum fahren und Mega günstig von Steuer und Versicherung her (
entspannen;Versicherung;1;sehr entspannt zum fahren und Mega günstig von Steuer und Versicherung her (
hab;SF26;1;hab nur Haftpflicht und SF26,
hab;Haftpflicht;1;hab nur Haftpflicht und SF26,
sein;€;0;bin bei 450€ für Steuer +
sein;450 €;1;bin bei 450€ für Steuer +
sein;Steuer;1;bin bei 450€ für Steuer +
Versicherung;Versicherung;1;Versicherung).
machen;Stelle;0;Würde an deiner Stelle auch nur ne Haftpflicht machen,
machen;Haftpflicht;1;Würde an deiner Stelle auch nur ne Haftpflicht machen,
ander;Sinn;0;alles andere zu teuer und macht keinen Sinn.
verbrauchen;90PS;1;Mein Audi verbraucht außerdem echt viel für 90PS(
verbrauchen;Audi;1;Mein Audi verbraucht außerdem echt viel für 90PS(
innerorts;innerorts;1;innerorts mind. 10,
nehmen;Fall;0;Würde allerdings an deiner Stelle auf jeden Fall den Polo nehmen!
nehmen;Stelle;0;Würde allerdings an deiner Stelle auf jeden Fall den Polo nehmen!
nehmen;Polo;1;Würde allerdings an deiner Stelle auf jeden Fall den Polo nehmen!
kennen;Vorbesitzer;0;Du kennst den Vorbesitzer &
Schrauber;Schrauber;0;Schrauber,
helfen;schrauben;0;der dir sicher gern mal beim schrauben hilft,
wissen;Bescheid;0;du weißt über die Probleme Bescheid und der Preis wird fair sein.
wissen;Probleme;1;du weißt über die Probleme Bescheid und der Preis wird fair sein.
wissen;Preis;1;du weißt über die Probleme Bescheid und der Preis wird fair sein.
haben;Puffer;0;du hast dann noch Puffer im Budget für anstehende Reperaturen.
haben;Reperaturen;1;du hast dann noch Puffer im Budget für anstehende Reperaturen.
haben;Budget;1;du hast dann noch Puffer im Budget für anstehende Reperaturen.
können;Karre;1;kann man so ne Karre relativ sparsam fahren.
Besser;Ansicht;0;"Besser als ein Risiko meiner Ansicht nach  ;"
Besser;Risiko;0;"Besser als ein Risiko meiner Ansicht nach  ;"
ZUSAMMEN;HEY;0;"HEY ZUSAMMEN, ;"
entscheiden;Zeit;0;"Ein bisschen Zeit ist ins Land gegangen und ich habe mich letztendlich für den Polo entschieden. ;"
entscheiden;Polo;1;"Ein bisschen Zeit ist ins Land gegangen und ich habe mich letztendlich für den Polo entschieden. ;"
entscheiden;Land;0;"Ein bisschen Zeit ist ins Land gegangen und ich habe mich letztendlich für den Polo entschieden. ;"
fahren;Gewicht;1;sparsam aber trotzdem sehr lustig zu fahren bei dem geringen Gewicht.
fahren;geringen Gewicht;1;sparsam aber trotzdem sehr lustig zu fahren bei dem geringen Gewicht.
von;Langstreckentauglichkeit;1;vor allem von der Langstreckentauglichkeit.
gefahren;Mal 600 km;0;Mal eben 600km gefahren ohne Probleme.
gefahren;Probleme;1;Mal eben 600km gefahren ohne Probleme.
gefahren;km;1;Mal eben 600km gefahren ohne Probleme.
hammer machen;hammer;0;"Hab schon einiges gemacht und die Informationsvielfalt und Teilesituation ist der hammer. ;"
hammer machen;Teilesituation;1;"Hab schon einiges gemacht und die Informationsvielfalt und Teilesituation ist der hammer. ;"
hammer machen;Informationsvielfalt;1;"Hab schon einiges gemacht und die Informationsvielfalt und Teilesituation ist der hammer. ;"
lesen;Situation;0;Also falls irgendwer das hier liest und sich in einer gleichen Situation befindet wie ich sie anfangs beschrieben habe:
können;Startauto;0;"mit einem Polo 86c kann man glaube ich als günstiges Startauto nicht viel falsch machen. ;"
können;Polo;1;"mit einem Polo 86c kann man glaube ich als günstiges Startauto nicht viel falsch machen. ;"
Lieblingsauto is;86C;1;Der 86C is das Lieblingsauto meiner besseren Hälfte,
Lieblingsauto is;Lieblingsauto;1;Der 86C is das Lieblingsauto meiner besseren Hälfte,
Lieblingsauto is;Hälfte;0;Der 86C is das Lieblingsauto meiner besseren Hälfte,
als;Steilheck;1;"vor allem als Steilheck ;"
wollen;Anfängerauto;1;Den wollte sie auch als Anfängerauto,
sollen;Kombi;1;"zumals auch nen kleiner Kombi sein sollte ;"
nicht haben;Glück;0;Sie hatte allerdings nicht so viel Glück,
bekommen;Avant;1;"sie bekam nur nen 80 Avant 2.6  ;"
find;Fahrzeugwahl;0;Ich find deine Fahrzeugwahl aber auch ganz cool,
wünsche;Fahrt;0;"ich wünsche dir viel Spaß und allzeit gute Fahrt damit  ;"
wünsche;Spaß;0;"ich wünsche dir viel Spaß und allzeit gute Fahrt damit  ;"
fallen;OT;0;Und auch wenn es hier leider ins OT fallen wird,
können;Erfahrungen;0;"meinetwegen kannst dich hier auch gern noch mal mit Erfahrungen melden ;"
sehen;Bilder;0;"Bilder sehen wir hier sowieso alle gern  ;"
Thoma;Thomas;0;Gruss Thomas
Thoma;Gruss;0;Gruss Thomas
Thoma;Gruss Thomas;0;Gruss Thomas
restauriere;audi;1;"Ich restauriere gerade meinen audi coupe b3 quattro aber ich kann keine standard federn für die hinterseite finden und will ihn nicht tieferlegen vielleicht hat jemand von euch schon erfahrung gemacht  ;"
restauriere;coupe;1;"Ich restauriere gerade meinen audi coupe b3 quattro aber ich kann keine standard federn für die hinterseite finden und will ihn nicht tieferlegen vielleicht hat jemand von euch schon erfahrung gemacht  ;"
restauriere;audi coupe b3 quattro;1;"Ich restauriere gerade meinen audi coupe b3 quattro aber ich kann keine standard federn für die hinterseite finden und will ihn nicht tieferlegen vielleicht hat jemand von euch schon erfahrung gemacht  ;"
restauriere;quattro;1;"Ich restauriere gerade meinen audi coupe b3 quattro aber ich kann keine standard federn für die hinterseite finden und will ihn nicht tieferlegen vielleicht hat jemand von euch schon erfahrung gemacht  ;"
restauriere;standard;1;"Ich restauriere gerade meinen audi coupe b3 quattro aber ich kann keine standard federn für die hinterseite finden und will ihn nicht tieferlegen vielleicht hat jemand von euch schon erfahrung gemacht  ;"
restauriere;federn;1;"Ich restauriere gerade meinen audi coupe b3 quattro aber ich kann keine standard federn für die hinterseite finden und will ihn nicht tieferlegen vielleicht hat jemand von euch schon erfahrung gemacht  ;"
restauriere;b3;1;"Ich restauriere gerade meinen audi coupe b3 quattro aber ich kann keine standard federn für die hinterseite finden und will ihn nicht tieferlegen vielleicht hat jemand von euch schon erfahrung gemacht  ;"
restauriere;tieferlegen;1;"Ich restauriere gerade meinen audi coupe b3 quattro aber ich kann keine standard federn für die hinterseite finden und will ihn nicht tieferlegen vielleicht hat jemand von euch schon erfahrung gemacht  ;"
restauriere;standard federn;1;"Ich restauriere gerade meinen audi coupe b3 quattro aber ich kann keine standard federn für die hinterseite finden und will ihn nicht tieferlegen vielleicht hat jemand von euch schon erfahrung gemacht  ;"
restauriere;erfahrung;0;"Ich restauriere gerade meinen audi coupe b3 quattro aber ich kann keine standard federn für die hinterseite finden und will ihn nicht tieferlegen vielleicht hat jemand von euch schon erfahrung gemacht  ;"
restauriere;hinterseite;1;"Ich restauriere gerade meinen audi coupe b3 quattro aber ich kann keine standard federn für die hinterseite finden und will ihn nicht tieferlegen vielleicht hat jemand von euch schon erfahrung gemacht  ;"
Mit;Lukas;0;"Mit freundlichen Grüßen Lukas ;"
Mit;freundlichen Grüßen;0;"Mit freundlichen Grüßen Lukas ;"
Mit;Grüßen;0;"Mit freundlichen Grüßen Lukas ;"
suchen;z.B.;0;"z.B. hier mal suchen ... ;"
?;https://www.ebay.de/.../i.html;0;"https://www.ebay.de/.../i.html?... ;"
brechen sein;vorhandenen;0;"sind die vorhandenen gebrochen ? ;"
geben;spidan;1;"von spidan gibt's welche https://www.euautoteile.de/teil/spidan/8197449 ;"
sportfahrwerk typisieren;tieferes sportfahrwerk;1;"Nein die vorherigen sind ein tieferes sportfahrwerk und ich muss ihn typisieren weil er aus deutschland kommt ;"
sportfahrwerk typisieren;sportfahrwerk;1;"Nein die vorherigen sind ein tieferes sportfahrwerk und ich muss ihn typisieren weil er aus deutschland kommt ;"
sportfahrwerk typisieren;deutschland;1;"Nein die vorherigen sind ein tieferes sportfahrwerk und ich muss ihn typisieren weil er aus deutschland kommt ;"
lieferbar passen;federn;1;"Und die federn die passen würden sind nie lieferbar ;"
lieferbar passen;passen;0;"Und die federn die passen würden sind nie lieferbar ;"
Zitat;Zitat;0;"Zitat: ;"
schreiben;@LukasHaas;0;@LukasHaas schrieb am 3.
Juni;Juni;0;"Juni 2020 um 18:15:32 Uhr: ;"
Juni;Uhr;0;"Juni 2020 um 18:15:32 Uhr: ;"
lieferbar passen;federn;1;"Und die federn die passen würden sind nie lieferbar ;"
lieferbar passen;passen;0;"Und die federn die passen würden sind nie lieferbar ;"
finden;Hersteller;1;"frag mal beim Hersteller nach...irgendwo wird sich schon was finden ;"
oder;federn;1;"oder schau mal eBäh-Kleinanzeigen oder hier gäbs die federn vom S2 ;"
oder;eBäh-Kleinanzeigen;0;"oder schau mal eBäh-Kleinanzeigen oder hier gäbs die federn vom S2 ;"
oder;schau mal eBäh-Kleinanzeigen;0;"oder schau mal eBäh-Kleinanzeigen oder hier gäbs die federn vom S2 ;"
oder;S2;1;"oder schau mal eBäh-Kleinanzeigen oder hier gäbs die federn vom S2 ;"
https://www.ebay.at/itm/143468827014;https://www.ebay.at/itm/143468827014;0;"https://www.ebay.at/itm/143468827014 ;"
btw;btw;0;btw:
sollen;Tradition;1;"die von Audi Tradition sollten passen ? ;"
sollen;Audi Tradition;1;"die von Audi Tradition sollten passen ? ;"
sollen;Audi;1;"die von Audi Tradition sollten passen ? ;"
?;https://shops.audi.com/.../schraubenfeder-893511115f-10;0;"https://shops.audi.com/.../schraubenfeder-893511115f-10?... ;"
danke;Stimbt;0;Stimbt danke.
sitze;sitze;1;Hat auch schon jemand die sitze neu geschneidert weil ich habe nur die normalen satain sitze ohne quattro schriftzug
sitze;quattro;1;Hat auch schon jemand die sitze neu geschneidert weil ich habe nur die normalen satain sitze ohne quattro schriftzug
sitze;schriftzug;0;Hat auch schon jemand die sitze neu geschneidert weil ich habe nur die normalen satain sitze ohne quattro schriftzug
sitze;satain;1;Hat auch schon jemand die sitze neu geschneidert weil ich habe nur die normalen satain sitze ohne quattro schriftzug
haben;rd;0;Mein C3 hat seit rd.
haben;C3;1;Mein C3 hat seit rd.
Angewohnheit;Jahren;0;2 Jahren die schrullige Angewohnheit,
Angewohnheit;Angewohnheit;1;2 Jahren die schrullige Angewohnheit,
blockieren;Umgebungstemperaturen;1;dass insb. bei hohen Umgebungstemperaturen und bei Stop an Go Verkehr wie etwa in der Stadt die Bremsen blockieren.
blockieren;insb.;0;dass insb. bei hohen Umgebungstemperaturen und bei Stop an Go Verkehr wie etwa in der Stadt die Bremsen blockieren.
blockieren;Stop;0;dass insb. bei hohen Umgebungstemperaturen und bei Stop an Go Verkehr wie etwa in der Stadt die Bremsen blockieren.
blockieren;Stadt;1;dass insb. bei hohen Umgebungstemperaturen und bei Stop an Go Verkehr wie etwa in der Stadt die Bremsen blockieren.
blockieren;Bremsen;1;dass insb. bei hohen Umgebungstemperaturen und bei Stop an Go Verkehr wie etwa in der Stadt die Bremsen blockieren.
blockieren;Verkehr;1;dass insb. bei hohen Umgebungstemperaturen und bei Stop an Go Verkehr wie etwa in der Stadt die Bremsen blockieren.
blockieren;Go;0;dass insb. bei hohen Umgebungstemperaturen und bei Stop an Go Verkehr wie etwa in der Stadt die Bremsen blockieren.
bockelhard werden;Pedal;1;Das Pedal wird dann bockelhard und irgendwann geht dann nix mehr.
möglich sein;Abkühlung;1;Erst nach einer längeren Standzeit bzw. Abkühlung ist die Weiterfahrt dann möglich.
möglich sein;längeren Standzeit;1;Erst nach einer längeren Standzeit bzw. Abkühlung ist die Weiterfahrt dann möglich.
möglich sein;Standzeit;1;Erst nach einer längeren Standzeit bzw. Abkühlung ist die Weiterfahrt dann möglich.
möglich sein;Weiterfahrt;1;Erst nach einer längeren Standzeit bzw. Abkühlung ist die Weiterfahrt dann möglich.
erneuern;Bremsschläuche;1;Zwischenzeitlich wurden sämtliche Bremsschläuche und Bremssättel erneuert.
erneuern;Bremssättel;1;Zwischenzeitlich wurden sämtliche Bremsschläuche und Bremssättel erneuert.
können;Bremskraftverstärker;1;"Kann das am Bremskraftverstärker liegen? ;"
müsstest;Behälter;1;dann müsstest du aber auch einen massiven Abfall im Behälter haben.
müsstest;Abfall;1;dann müsstest du aber auch einen massiven Abfall im Behälter haben.
Ral;Moin Ral;0;"Moin Ral 6014. ;"
Ral;Moin;0;"Moin Ral 6014. ;"
Ral;Ral;0;"Moin Ral 6014. ;"
defekt sein;Entlüftungsrohr;1;das dass Belüftungs bzw Entlüftungsrohr am Bremskraftverstärker defekt ist. (
defekt sein;Belüftungs;1;das dass Belüftungs bzw Entlüftungsrohr am Bremskraftverstärker defekt ist. (
defekt sein;Bremskraftverstärker;1;das dass Belüftungs bzw Entlüftungsrohr am Bremskraftverstärker defekt ist. (
Stefan;Gruß;0;"Gruß Stefan ;"
Stefan;Stefan;0;"Gruß Stefan ;"
Stefan;Gruß Stefan;0;"Gruß Stefan ;"
tauschen;Hauptbremszylinder;1;"Hauptbremszylinder schon getauscht ? ;"
können;Flüssigkeit;1;"dass bei gelöster Bremse die Flüssigkeit ungehindert in den Vorratsbehälter zurückfliessen kann und das System dadurch drucklos wird ;"
können;gelöster Bremse;1;"dass bei gelöster Bremse die Flüssigkeit ungehindert in den Vorratsbehälter zurückfliessen kann und das System dadurch drucklos wird ;"
können;System;1;"dass bei gelöster Bremse die Flüssigkeit ungehindert in den Vorratsbehälter zurückfliessen kann und das System dadurch drucklos wird ;"
können;Bremse;1;"dass bei gelöster Bremse die Flüssigkeit ungehindert in den Vorratsbehälter zurückfliessen kann und das System dadurch drucklos wird ;"
können;Vorratsbehälter;1;"dass bei gelöster Bremse die Flüssigkeit ungehindert in den Vorratsbehälter zurückfliessen kann und das System dadurch drucklos wird ;"
haben;ABS;1;"Hat er schon ABS? ;"
können;Probleme;1;Das kann solche Probleme auch verursachen,
Steuerblock;Steuerblock;1;"der Steuerblock ;"
können;Korrosion;1;Aufrund des Alters kann es auch an der Korrosion liegen,
können;Alters;1;Aufrund des Alters kann es auch an der Korrosion liegen,
können;Aufrund;0;Aufrund des Alters kann es auch an der Korrosion liegen,
im;Leitungssystem;1;im Leitungssystem,
nicht können;Flüssigkeit;1;dass die Flüssigkeit nicht mehr richtig zirkulieren kann,
beim;Ausgleichsventil;1;"beim Ausgleichsventil ect ;"
Zitat;Zitat;0;"Zitat: ;"
schreiben;@macspeed;0;@macspeed schrieb am 22.
April;April;0;"April 2020 um 09:53:29 Uhr: ;"
April;Uhr;0;"April 2020 um 09:53:29 Uhr: ;"
tauschen;Hauptbremszylinder;1;"Hauptbremszylinder schon getauscht ? ;"
können;Flüssigkeit;1;"dass bei gelöster Bremse die Flüssigkeit ungehindert in den Vorratsbehälter zurückfliessen kann und das System dadurch drucklos wird ;"
können;gelöster Bremse;1;"dass bei gelöster Bremse die Flüssigkeit ungehindert in den Vorratsbehälter zurückfliessen kann und das System dadurch drucklos wird ;"
können;System;1;"dass bei gelöster Bremse die Flüssigkeit ungehindert in den Vorratsbehälter zurückfliessen kann und das System dadurch drucklos wird ;"
können;Bremse;1;"dass bei gelöster Bremse die Flüssigkeit ungehindert in den Vorratsbehälter zurückfliessen kann und das System dadurch drucklos wird ;"
können;Vorratsbehälter;1;"dass bei gelöster Bremse die Flüssigkeit ungehindert in den Vorratsbehälter zurückfliessen kann und das System dadurch drucklos wird ;"
haben;ABS;1;"Hat er schon ABS? ;"
können;Probleme;1;Das kann solche Probleme auch verursachen,
Steuerblock;Steuerblock;1;"der Steuerblock ;"
können;Korrosion;1;Aufrund des Alters kann es auch an der Korrosion liegen,
können;Alters;1;Aufrund des Alters kann es auch an der Korrosion liegen,
können;Aufrund;0;Aufrund des Alters kann es auch an der Korrosion liegen,
im;Leitungssystem;1;im Leitungssystem,
nicht können;Flüssigkeit;1;dass die Flüssigkeit nicht mehr richtig zirkulieren kann,
beim;Ausgleichsventil;1;"beim Ausgleichsventil ect ;"
Ausgleichsventil;Ausgleichsventil;1;"Welches Ausgleichsventil? ;"
Mfg;Mfg;0;"Mfg ;"
verbauen;Versionen;1;"Manche Versionen haben unter dem Hauptbremszylinder ein Ventil in der Leitung verbaut ;"
verbauen;Leitung;1;"Manche Versionen haben unter dem Hauptbremszylinder ein Ventil in der Leitung verbaut ;"
verbauen;Hauptbremszylinder;1;"Manche Versionen haben unter dem Hauptbremszylinder ein Ventil in der Leitung verbaut ;"
verbauen;Ventil;1;"Manche Versionen haben unter dem Hauptbremszylinder ein Ventil in der Leitung verbaut ;"
tun;Regelventil;1;Hat aber mit dem Regelventil der Hiachse nichts zu tun,
tun;Hiachse;1;Hat aber mit dem Regelventil der Hiachse nichts zu tun,
werden;/;0;Ich würde als erstes den HBZ tauschen /
werden;HBZ;1;Ich würde als erstes den HBZ tauschen /
moin;moin;0;"moin  ;"
sein;hauptbremszylinder;1;"ist 100 pro der hauptbremszylinder , ;"
versuch;selterflasche;0;"versuch mal wenn die bremsen wieder fest sind mit ner selterflasche das teil zukühlen . ;"
versuch;bremsen;1;"versuch mal wenn die bremsen wieder fest sind mit ner selterflasche das teil zukühlen . ;"
versuch;teil;0;"versuch mal wenn die bremsen wieder fest sind mit ner selterflasche das teil zukühlen . ;"
gruss;gruss;0;"gruss ;"
bekennen sein;Problem;1;Das Problem mit dem Hauptbremszylinder ist sogar recht bekannt bei dieser Modellreihe...besonders die 5-Zylinder mit dem Kühler seitlich haben das Problem,
bekennen sein;Modellreihe;1;Das Problem mit dem Hauptbremszylinder ist sogar recht bekannt bei dieser Modellreihe...besonders die 5-Zylinder mit dem Kühler seitlich haben das Problem,
bekennen sein;Kühler;1;Das Problem mit dem Hauptbremszylinder ist sogar recht bekannt bei dieser Modellreihe...besonders die 5-Zylinder mit dem Kühler seitlich haben das Problem,
bekennen sein;5-Zylinder;1;Das Problem mit dem Hauptbremszylinder ist sogar recht bekannt bei dieser Modellreihe...besonders die 5-Zylinder mit dem Kühler seitlich haben das Problem,
bekennen sein;Hauptbremszylinder;1;Das Problem mit dem Hauptbremszylinder ist sogar recht bekannt bei dieser Modellreihe...besonders die 5-Zylinder mit dem Kühler seitlich haben das Problem,
bedingt;Hauptbremszylinder;1;"bedingt durch die Temperatur am und um den Hauptbremszylinder ;"
bedingt;Temperatur;1;"bedingt durch die Temperatur am und um den Hauptbremszylinder ;"
Dank;Hinweise;0;Danke für die Hinweise.
klingen;HBZ;1;Das mit dem HBZ klingt plausibel und nein.... der wurde noch nicht getauscht.
machen;Suche;0;"Dann werde ich mich mal auf die Suche machen.... ;"
Hallo;Hallo;0;Hallo,
haben;Problem;1;hatte dieses Problem bis vor kurzem auch.
zeigen;Schrauber;0;Mein Schrauber zeigte gleich auf den HBZ der noch von 1988 war.
zeigen;HBZ;1;Mein Schrauber zeigte gleich auf den HBZ der noch von 1988 war.
Problem sein;Problem;1;Das einzige Problem ist,
Problem sein;einzige Problem;0;Das einzige Problem ist,
der;Modellen;1;das es von einigen Modellen wie meiner,
nicht geben;Hersteller;1;Bj 88 ohne ABS und 22,2 Kolben nicht mehr viele Hersteller gibt.
nicht geben;Bj;1;Bj 88 ohne ABS und 22,2 Kolben nicht mehr viele Hersteller gibt.
nicht geben;Kolben;1;Bj 88 ohne ABS und 22,2 Kolben nicht mehr viele Hersteller gibt.
nicht geben;ABS;1;Bj 88 ohne ABS und 22,2 Kolben nicht mehr viele Hersteller gibt.
Euro;Tradition;0;Audi Tradition ca 450 Euro,
Euro;Audi Tradition;1;Audi Tradition ca 450 Euro,
Euro;Euro;1;Audi Tradition ca 450 Euro,
Euro;Audi;1;Audi Tradition ca 450 Euro,
ca;360 Euro;1;Bosch ca 360 Euro.
ca;Bosch;1;Bosch ca 360 Euro.
ca;Euro;1;Bosch ca 360 Euro.
bekommen;Euro;1;"Habe dann ndoch noch einen vom Zubehör bekommen und das für 25 Euro. ;"
bekommen;Zubehör;1;"Habe dann ndoch noch einen vom Zubehör bekommen und das für 25 Euro. ;"
wechseln;HBZ;1;Habe nunmehr den HBZ gewechselt.
kostspielig sein;ABS-Einheit;1;denn als Nächstes wäre wohl die ABS-Einheit dran und DAS ist dann sicher deutlich kostspieliger.
kostspielig sein;Nächstes;0;denn als Nächstes wäre wohl die ABS-Einheit dran und DAS ist dann sicher deutlich kostspieliger.
danke;Tipps;0;Bis dahin nochmal danke für die Tipps.
hallo;Halli hallo;0;Halli hallo zusammen,
hallo;Halli;0;Halli hallo zusammen,
hallo;hallo;0;Halli hallo zusammen,
sein;Foren;0;Mittlerweile bin ich nach etlichen Seiten in verschiedensten Foren auch mit Probieren und nachdenken am Ende.
sein;Seiten;0;Mittlerweile bin ich nach etlichen Seiten in verschiedensten Foren auch mit Probieren und nachdenken am Ende.
sein;Probieren;0;Mittlerweile bin ich nach etlichen Seiten in verschiedensten Foren auch mit Probieren und nachdenken am Ende.
sein;Ende;0;Mittlerweile bin ich nach etlichen Seiten in verschiedensten Foren auch mit Probieren und nachdenken am Ende.
haben;Problem;1;Mein Motor hat folgendes Problem,
haben;Motor;1;Mein Motor hat folgendes Problem,
geben;Leerlauf;1;wenn ich im Leerlauf einen Gasstoß gebe,
geben;Gasstoß;1;wenn ich im Leerlauf einen Gasstoß gebe,
bei;Drehzahl;1;egal bei welcher Drehzahl und egal ob warm oder kalt,
halten;Bsw;0;hält der Motor die Drehzahl für einen Kurzen Moment bei Bsw.
halten;Drehzahl;1;hält der Motor die Drehzahl für einen Kurzen Moment bei Bsw.
halten;Moment;1;hält der Motor die Drehzahl für einen Kurzen Moment bei Bsw.
halten;Motor;1;hält der Motor die Drehzahl für einen Kurzen Moment bei Bsw.
fällen;Drehzahl;1;Wenn er dann von der Drehzahl wieder ins Standgas fällt (
fällen;Standgas;1;Wenn er dann von der Drehzahl wieder ins Standgas fällt (
liegen;Normbereich;1;liegt im Normbereich bei ca. 850U/min)
nicht weiß;Willen;0;Ich weiß beim besten Willen nicht was da los sein könnte.
Gruß;Beste Grüße;0;"Beste Grüße  ;"
Gruß;Grüße;0;"Beste Grüße  ;"
Motor;Motor;1;"Welcher Motor? ;"
ABC;ABC;1;"ABC 110kw ;"
Schau;Schau;0;"Schau dir das mal genau an: ;"
http://www.volkspage.net/technik/ssp/ssp/SSP_150.PDF;http://www.volkspage.net/technik/ssp/ssp/SSP_150.PDF;0;"http://www.volkspage.net/technik/ssp/ssp/SSP_150.PDF ;"
Teil;Teil;0;Das Teil,
ausfällen;Drosseklappenpoti;1;"welches immer wieder ausfällt ist das Drosseklappenpoti. ;"
https://www.ebay.de/sch/i.html;https://www.ebay.de/sch/i.html;0;"https://www.ebay.de/sch/i.html?... ;"
probieren;esi;1;"Ich werde morgen mal durchmessen was das Poti bringt und mit den sollwerten abgleichen hab allerdings heute nochmal in der esi tronic geblättert und bin darauf gestoßen dass auch ein kaputter Temperaturfühler so ein Verhalten auslösen kann werde die Tage mal rum probieren und dann mal Meldung geben  ;"
probieren;Poti;1;"Ich werde morgen mal durchmessen was das Poti bringt und mit den sollwerten abgleichen hab allerdings heute nochmal in der esi tronic geblättert und bin darauf gestoßen dass auch ein kaputter Temperaturfühler so ein Verhalten auslösen kann werde die Tage mal rum probieren und dann mal Meldung geben  ;"
probieren;Tage;0;"Ich werde morgen mal durchmessen was das Poti bringt und mit den sollwerten abgleichen hab allerdings heute nochmal in der esi tronic geblättert und bin darauf gestoßen dass auch ein kaputter Temperaturfühler so ein Verhalten auslösen kann werde die Tage mal rum probieren und dann mal Meldung geben  ;"
probieren;sollwerten;1;"Ich werde morgen mal durchmessen was das Poti bringt und mit den sollwerten abgleichen hab allerdings heute nochmal in der esi tronic geblättert und bin darauf gestoßen dass auch ein kaputter Temperaturfühler so ein Verhalten auslösen kann werde die Tage mal rum probieren und dann mal Meldung geben  ;"
probieren;Temperaturfühler;1;"Ich werde morgen mal durchmessen was das Poti bringt und mit den sollwerten abgleichen hab allerdings heute nochmal in der esi tronic geblättert und bin darauf gestoßen dass auch ein kaputter Temperaturfühler so ein Verhalten auslösen kann werde die Tage mal rum probieren und dann mal Meldung geben  ;"
probieren;tronic;1;"Ich werde morgen mal durchmessen was das Poti bringt und mit den sollwerten abgleichen hab allerdings heute nochmal in der esi tronic geblättert und bin darauf gestoßen dass auch ein kaputter Temperaturfühler so ein Verhalten auslösen kann werde die Tage mal rum probieren und dann mal Meldung geben  ;"
probieren;Verhalten;0;"Ich werde morgen mal durchmessen was das Poti bringt und mit den sollwerten abgleichen hab allerdings heute nochmal in der esi tronic geblättert und bin darauf gestoßen dass auch ein kaputter Temperaturfühler so ein Verhalten auslösen kann werde die Tage mal rum probieren und dann mal Meldung geben  ;"
probieren;Meldung;1;"Ich werde morgen mal durchmessen was das Poti bringt und mit den sollwerten abgleichen hab allerdings heute nochmal in der esi tronic geblättert und bin darauf gestoßen dass auch ein kaputter Temperaturfühler so ein Verhalten auslösen kann werde die Tage mal rum probieren und dann mal Meldung geben  ;"
Hallo;Hallo;0;"Hallo ;"
Problem;Problem;1;ein gern gesehenes Problem,
Problem;gesehenes Problem;0;ein gern gesehenes Problem,
gehen;Drehzahl;1;"wenn die Drehzahl scheinbar unkontrolliert hoch geht und nur schleppend wieder runtergeht ist Nebenluft. ;"
gehen;Nebenluft;1;"wenn die Drehzahl scheinbar unkontrolliert hoch geht und nur schleppend wieder runtergeht ist Nebenluft. ;"
sägen;Wochenende;0;So er hat jetzt am Wochenende auch angefangen beim abtouren zu sägen.
sägen;abtouren;0;So er hat jetzt am Wochenende auch angefangen beim abtouren zu sägen.
säubern;Drosselklappe;1;Werde mal Drosselklappe säubern,
prüfen;Poti;1;auf nebenluft prüfen und das Poti mal durchmessen.
prüfen;nebenluft;1;auf nebenluft prüfen und das Poti mal durchmessen.
Nebenluft;KW;1;Nebenluft von der KW Entlüftung.
Nebenluft;Entlüftung;1;Nebenluft von der KW Entlüftung.
Nebenluft;Nebenluft;1;Nebenluft von der KW Entlüftung.
Membran;Ölabscheider;1;"oft die Membran im Ölabscheider. ;"
Membran;Membran;1;"oft die Membran im Ölabscheider. ;"
Prüfen;  Prüfen;0;" Prüfen. ;"
Prüfen;Prüfen;1;" Prüfen. ;"
abdrücken;Ansaugseite;1;Und die Ansaugseite mal mit Nebel abdrücken.
abdrücken;Nebel;1;Und die Ansaugseite mal mit Nebel abdrücken.
dicht bleiben;sägen;0;Nebenluft hatte der Motor bei einem Schlauch vom klr das sägen ist somit schon mal weg bleibt noch da drehzahl halten Ansaugbrücke ist dicht (
dicht bleiben;Motor;1;Nebenluft hatte der Motor bei einem Schlauch vom klr das sägen ist somit schon mal weg bleibt noch da drehzahl halten Ansaugbrücke ist dicht (
dicht bleiben;drehzahl;1;Nebenluft hatte der Motor bei einem Schlauch vom klr das sägen ist somit schon mal weg bleibt noch da drehzahl halten Ansaugbrücke ist dicht (
dicht bleiben;Schlauch;1;Nebenluft hatte der Motor bei einem Schlauch vom klr das sägen ist somit schon mal weg bleibt noch da drehzahl halten Ansaugbrücke ist dicht (
dicht bleiben;klr;1;Nebenluft hatte der Motor bei einem Schlauch vom klr das sägen ist somit schon mal weg bleibt noch da drehzahl halten Ansaugbrücke ist dicht (
dicht bleiben;Nebenluft;1;Nebenluft hatte der Motor bei einem Schlauch vom klr das sägen ist somit schon mal weg bleibt noch da drehzahl halten Ansaugbrücke ist dicht (
dicht bleiben;Ansaugbrücke;1;Nebenluft hatte der Motor bei einem Schlauch vom klr das sägen ist somit schon mal weg bleibt noch da drehzahl halten Ansaugbrücke ist dicht (
alle;Reaktion;1;alles mit bremsenreiniger abgeduscht und keine Reaktion)
alle;abgeduscht;0;alles mit bremsenreiniger abgeduscht und keine Reaktion)