,index,label
0,vollgas untere drehzahlen,1
1,treser audi,1
2,funkeempfänger,2
3,bekannten 10,2
4,zumal überbrückungsfahrzeug fast 4 is,1
5,standard federn,1
6,konkrete antwort,1
7,frank-knut,1
8,cep getriebe,1
9,vertraut ... alltagsauto,1
10,mal komplett unterschiedliche werte,1
11,-1.8s motor,1
12,ursprung,1
13,haltbarkeit,2
14,halbe liter,1
15,2.8e,7
16,mario,1
17,bissel rumschnitzen,1
18,filtereinheit,1
19,hwt,8
20,standard-hauptscheinwerfer,1
21,silikonöl,1
22,spidan/gkn,1
23,günstigen versicherung,1
24,modelle,4
25,günstige typenklassen,1
26,b3 limo,1
27,universelle funkfernbedienung,3
28,zündfunke,5
29,monat,2
30,benzindruck,6
31,kurbelwellensensor kabel,1
32,threadersteller,1
33,angewohnheit,1
34,normaler weise,1
35,übermäßigen co-gehalt,1
36,lämpchen,2
37,bügel,1
38,kompletten umdrehung,1
39,gruss hartmut,1
40,angestecktem sensor,1
41,einzige lager,1
42,ablösen,1
43,gruß ben-150,27
44,wundern,2
45,erfolg suche arrgyle,1
46,minuspol,3
47,letzte junger fahrer,1
48,zünkerzen,2
49,z-diode,1
50,tageskilometerzähler,3
51,4a,2
52,skala,1
53,einzeln,1
54,allianz,2
55,sogar hella/behr aufkleber,1
56,verbesserungsvorschläge,1
57,forumsteilnehmern,1
58,x-relais,1
59,fürn kopf,1
60,reinigungsanlage,1
61,alternativen füllungen,1
62,20 minuten,1
63,september,1
64,90 %,1
65,s2 coupé,2
66,ballern,1
67,betriebsanleitung,2
68,einspritzanlagenteile fensterschachtleisten,1
69,verbohrten geizigen,1
70,klimatronik,3
71,neulingsgrüße,1
72,genau -weil,1
73,litern,1
74,werkstatt-rlf,2
75,instrumente,4
76,schraubenschlüssel,1
77,besichtigung,2
78,unterseite,2
79,versicherung,25
80,egal öl- wasserkreislauf,1
81,nei,1
82,alten einspritzventilen,1
83,gegensatz,4
84,ly1v gobi metallic,2
85,hof,5
86,felgen,19
87,springende werte,1
88,strom(!)messung multimeter,1
89,anschlag,4
90,umpolstern,1
91,stecknuss,2
92,wesentlich aufmerksamkeit,1
93,abstand häufigste ursache,1
94,audi a3,1
95,wertgutachten,3
96,thomas,26
97,knecht,3
98,schalen,1
99,thema einspritzanlage,1
100,prüfrohr,1
101,verdeckkasten,2
102,defekt,8
103,"1,6er",4
104,"800,-",1
105,"1,8bar",6
106,motorblock,2
107,kraftstoffversorgung,2
108,notrad,5
109,innenraumgesteuerte funktionen,1
110,metallpott,1
111,gezogen/,1
112,118.000 km,1
113,vollgas,1
114,gehäuseöffnung,1
115,1991er,1
116,buchhandel,1
117,ersatzteillos,1
118,regel,8
119,farbton,1
120,motor v6 abc,1
121,brücke,5
122,motorstillstand,1
123,kalt modus,1
124,regelventil,1
125,verteiler finger,1
126,de-scheinwerfer,1
127,anderes fahrwerk bzw federn,1
128,zweieinhalb umdrehungen,1
129,evtl anfängersichere anleitung,1
130,stelle,35
131,zweck,1
132,naja,6
133,langstreckentauglichkeit,1
134,6 euro,1
135,zweitbatterie,1
136,interessensgebiet,1
137,zahnriementausch,1
138,600 km autobahn,1
139,bezügen,1
140,handel,3
141,vergaserflansch,1
142,gummi-o-ring,1
143,nfl,1
144,zulassung,13
145,flanschen,2
146,längeren radstand,1
147,neuer dichtung,1
148,pampe,2
149,abs airbag,1
150,cards,2
151,kleinem innensechskantschlüssel,1
152,servolenkungen,1
153,zeitaufwand,2
154,methode,4
155,audi a6 c4,1
156,zwischenringe,1
157,drucksteller rumschrauben,1
158,schließsignal,1
159,polo,7
160,persönlichen situation,1
161,"2.8,ja",1
162,ca. 1 cm loch,1
163,stossdämpfer schlechtwegeausführung,1
164,hiachse,1
165,abdichtung,1
166,abt motor,1
167,originalverpackung,2
168,langstrecken,1
169,werkzeugkasten,1
170,9.7 liter,1
171,fehlzündungen,1
172,billigvariante,1
173,einpressen,3
174,heißviskosität,3
175,mengenteilers,1
176,radlaufenden,1
177,6.gg,1
178,untscheidlichen begründungen,1
179,titanium,2
180,spezielle strukturfarbe,2
181,üblichen sachen,1
182,raum aachen-köln,1
183,tempfühlergewinde,1
184,pech,1
185,beschleunigungen,1
186,wiegesagt,1
187,oring,1
188,260c,1
189,5ter,1
190,phase,1
191,vollen öldruck,1
192,2x offene schalter,2
193,desweiteresn,1
194,95 grad,1
195,glück,23
196,aufwändigen austauschens,1
197,defektem thermostat,1
198,"2,0er",3
199,kältemittel,1
200,limousinen,2
201,centartikel,1
202,c4´s,1
203,typ nr .,1
204,tandeckel rost,1
205,hunderten,1
206,axg,2
207,80 cabriolet 1.9 diesel,1
208,co-gehalt,2
209,faktor,1
210,googlen,1
211,horsti,1
212,kombieinstrument,2
213,genau info,1
214,metalliclackierung,1
215,reiter,1
216,auffahrrampen,4
217,polieren,1
218,starthilfespray,1
219,m10,2
220,bremse,7
221,80 b2,1
222,erstellen,2
223,rev typ em392b multimeter,1
224,sobald drehzahl,1
225,stefan,9
226,800 euro,1
227,elektrische antenne,1
228,darauffolgenden sonntag,1
229,stichwort,2
230,schön 90 grad,1
231,gleicher fahrweise,1
232,alpine,1
233,neues auto mehr.gründe,2
234,ölaustritt,1
235,einfach geöffneter haube reinschauen,1
236,1994er,1
237,ausflug,1
238,verschraubung,1
239,wd,1
240,hallo forum,2
241,naja ... 22 gebrauch,1
242,einzig sinnvolle,1
243,erfindung,3
244,audi cabrio,1
245,ölwechsel,18
246,io,2
247,speziellen gussmaterial,1
248,dne zahnriemen,1
249,trimschraube,1
250,kurzzeitig zweitem audi,1
251,verdeckkasten- schlössern,1
252,erbsen,1
253,ke jetronik,1
254,verschleißteilen,1
255,vorher co,1
256,frisches fett,1
257,ansonsten halt passenden stoff,1
258,80 avant dachspoiler,1
259,4 gummilagern,2
260,1ky,2
261,2.6 avant,1
262,augenmerk,1
263,https://audi.7zap.com/.../#12,1
264,totale aussetzter,1
265,sachlich seriöse auskunft,1
266,drittel,1
267,zusatsinstrumenten,1
268,relais brücken,3
269,lieferumfang,1
270,heile,1
271,10 minuten,2
272,vorderrades,1
273,tägliche fahren,1
274,irgendnen,1
275,kühung,1
276,rundgedreht,1
277,umgekehrter reihenfolge,4
278,"durch,,,,zündkabel",2
279,ne runde,2
280,v.a.g,1
281,"schaftdichtungen,,,alles",1
282,passenden anleitungen,1
283,langen dünnen schlitzschraubendreher,2
284,reparatur,12
285,-design,1
286,sukkzessive,1
287,eien,2
288,fh,2
289,muße,1
290,kge vlt zugesifft,1
291,ke-iii,1
292,zulassungsschein,1
293,zusatzausstattung,1
294,naja frage,1
295,stehbolzen krümmer,1
296,karosseriedichtmasse,1
297,verstärker,4
298,rinnen,1
299,liebe community,3
300,gewinde is m10,1
301,radwechsel,1
302,schreiben,1
303,abgastechnik,1
304,wd40,4
305,belegung,2
306,richtige größe,1
307,version,9
308,gesülze,1
309,469tkm,1
310,ventiele,1
311,kerzengewinde,2
312,ölabscheider,1
313,chemischen zusammensetzung,1
314,1.000 eur,1
315,marcel,4
316,sollwert,4
317,nuss 10er schlüssel,2
318,usw,4
319,kängeru,1
320,braun/rot,1
321,13.4,1
322,dichtungen gruss schally,1
323,audi fahrer,1
324,1kr,1
325,boden,2
326,ahh,2
327,80 1.8s sport edition,1
328,aushaken,1
329,minuten,19
330,volvotom,1
331,metall,8
332,a-saeulenverkleidung,2
333,mangelnde leistung,1
334,begleiter,1
335,grösseren rädern,1
336,schätzeisen,1
337,frankfurt,1
338,forum,30
339,mucken,1
340,kühlmitteldruck,2
341,leer .... masseschluss,2
342,forenregeln,1
343,ng motor,1
344,diskutieren,1
345,österreichische auslieferung,1
346,überholungsteile,1
347,subwoofer ausgang,1
348,kurbel,4
349,nich,2
350,kühlerdicht,1
351,kfz elektriker,1
352,übrigen leitungen,5
353,besseres licht,2
354,hochheben,1
355,priorität,1
356,passend,3
357,bessere starrachse,2
358,gelben/orangen blinkern,1
359,e mail adresse,1
360,kurbelgehäuse -entlüftung,1
361,tausche 1 dämpfer querlenker idioten,1
362,"1,8bar geber",1
363,vermutlich rs2-spoiler nachempfuden,2
364,voranziehen,5
365,tronic,2
366,inbus-schraube,2
367,vw tl,3
368,gelenk,10
369,mühen,11
370,abs ?,2
371,heckschürze,1
372,hella bevorzugt 8fh351311,2
373,industrie- hydraulikbedarf,1
374,audi 80 b4 avant,1
375,tankentrostung,1
376,us cabrio,1
377,explosion,1
378,zuschließen,3
379,möglich,1
380,normalen lüfterbetrieb,1
381,angescglossen,1
382,schranke,4
383,mfg langi,2
384,enay,1
385,tüv-prüfer,1
386,3te,1
387,kraft,4
388,bremsflüssigkeitsbehälter,2
389,5.gang,1
390,schrittmotors,1
391,woche,15
392,m12,1
393,125my,1
394,j154,1
395,stillstand,2
396,steffen,1
397,ölwarnanzeige,1
398,1000 anleitungen,3
399,plan und-oder daten,1
400,dachspoiler,2
401,wort,3
402,einspritzdüsen strahlbild,1
403,audi-v6,1
404,och,1
405,323x30 mm scheibe,1
406,hinschauen,1
407,vorrednern,1
408,o.g.,3
409,wärmetauscher,36
410,sauberkeit,1
411,vermutung,7
412,typenklassen,1
413,traktor,2
414,herumtelefoniert,1
415,temperatur-geber,1
416,umlaufrädchen,1
417,stanadgas,1
418,kontext,1
419,350000 km,1
420,schadenfreude,1
421,letzten sommer,1
422,weihnachten,2
423,bosch,12
424,offiziel,1
425,40 mm,2
426,leitungskanälen,1
427,früheren jahrzehnten,1
428,durchblasen,2
429,2 druckgebern rausschrauben,1
430,mittelkonsole,17
431,dauervollgas,1
432,kurvenäußeren rad,1
433,rohrdurchmesser,1
434,90 km,1
435,gleiches problem,1
436,unterhaltung,1
437,automatik getriebe öl,1
438,hautu,2
439,durchmesserzahl,1
440,höchstens ne drosslklappe,1
441,obere hälfte,2
442,malkontrollieren,1
443,unten rücklauf,1
444,ng,32
445,https://youtube.com/watch?v=cbqhzdz82qu&t=489s,1
446,pah ..,1
447,genau lenkrad,1
448,hinterhoffirmen,1
449,wegstrecken,1
450,realen ists,1
451,adr,9
452,kaufrisiko,1
453,hobbyschraubers,1
454,technische daten,1
455,hello,1
456,einzelschicksal,1
457,nachempfuden,2
458,dan,1
459,türverkleidung,6
460,grau/braune,1
461,ole 2.8e,1
462,einspritzdüse,1
463,obwohl selber audi 100 s4 besitze,1
464,eigenschaften,2
465,bekannt,1
466,ähnlich übersetztes getriebe,1
467,sogar ablaßschraube,1
468,stümperei,1
469,"audi v8 4,2l",1
470,etc,8
471,6/94,1
472,kabelfarbe,3
473,bilndschraube drinne,1
474,drosseklappenpoti,1
475,w90,2
476,manuellen fh,2
477,https://7zap.com/de/catalog/cars/audi/brand/3/0,1
478,einzige möglichkeit,1
479,hirnlose herumphilosophieren,1
480,kofferdeckel,1
481,erläutern,1
482,rappel,1
483,rausschrauben,1
484,kühlmittel,14
485,deckel c-säule,1
486,stellplatz,1
487,natur,1
488,mineralisches öl,1
489,aufkleber,10
490,standard,6
491,sb waschanlagen,1
492,reparatursatz,1
493,email adr,3
494,treuen begleiter,1
495,schönes getriebeöl,2
496,6 ender,1
497,zerleg,1
498,kleinverbraucher,1
499,soein,1
500,suchfeld,1
501,o-ring-sortiment,1
502,monomotronik,3
503,jap,1
504,ausgleichsbehälter,4
505,mengenteilerkopf,2
506,schwelle abdeckung,1
507,rauch,2
508,falsche kabel,2
509,rohrverbindung,2
510,vag-händler,1
511,nemen,1
512,vag konzerns,1
513,helden,3
514,"defekt,,,verteilerkappe",2
515,conti riemen,2
516,linken zylinderkopf,1
517,abgasuntersuchung,3
518,2.3 e b3 quattro limo typ,1
519,technische informationen,1
520,null ahnung,1
521,deutscher hersteller,1
522,super günstiges anfängerauto,1
523,nebem tickern patscht,1
524,zumindest mal luft,1
525,aufnahme,2
526,drehzahlsignalgeber,1
527,700 km,1
528,kopf,38
529,alter kabelbaum,1
530,latsprecher,1
531,https://audi100.selbst-doku.de/main/c4,1
532,umkehrter verkabelung,1
533,guten osram,1
534,gesetzl,1
535,gulli,1
536,verdrehsicher,1
537,hallo crtp,2
538,7 euro,2
539,sockel,2
540,rohr,14
541,brauchts,1
542,falschluft,20
543,remotesignal,1
544,fahrzeugtyp,2
545,öldrucksensor,1
546,typ 44 vfl,1
547,bauteilnummer,2
548,teilekatalog-->elekrik-->instrumente-zahnrad,1
549,mechatroniker,1
550,vergleich,14
551,moderneren a4 b5,1
552,kette,1
553,belüften,1
554,unsinnig,2
555,heidenarbeit umzurüsten,1
556,vorhanden,1
557,möglichkeiten,6
558,fox,13
559,2 monate,1
560,änderung,2
561,entsprechender abnahme-stückzahl,1
562,ansaug,1
563,ne frage,1
564,richtung wasserkasten,3
565,türschweller,1
566,300 €,1
567,geberteil,1
568,feststellung,1
569,nut,7
570,längerer internetsuche,1
571,winterpause,1
572,kacke,2
573,höher drehzahl,1
574,dah,1
575,emil,1
576,jürgen,3
577,80er,9
578,heulen,1
579,gas,45
580,1/16,3
581,kaltstartphase,2
582,lüfter,24
583,fühlers,1
584,fahrerfußraum,2
585,alltäglichen gebrauch,1
586,pluspol,4
587,halbautomatischem verdeck,1
588,fluid,1
589,zk,1
590,xenon pflicht,1
591,dremoschlüssel,1
592,wfs,3
593,owner,1
594,finanzamt/den zoll,1
595,pfingsten,1
596,draufpasst,1
597,audiflüsterer,1
598,kombiinstrument,5
599,bernds vorschlag,1
600,verbindungen,2
601,hintere lautsprecher,1
602,mal kontakte,1
603,weiterhin erfolg,1
604,schlauchschellen,1
605,mode,1
606,fußausströmer,4
607,originaltröte,1
608,motronic,1
609,kennzeichen,15
610,mehrlenkerachse,2
611,spurplatten,1
612,old,1
613,kann/wird,1
614,dichtungssatz,3
615,möglichen schaltern,1
616,hinteren dämpferkolben,1
617,bösen treffer,1
618,trag- führungsgelanke,1
619,klassische bzw. annähernd originale alus,1
620,3 sekunden,2
621,einfach dichtsatz,1
622,laufzeit,3
623,el.asp,1
624,einspritzer zentraleinspritzer,1
625,15 nm,3
626,fragesteller,1
627,gruß lars,1
628,aad erst/nur,1
629,wechsler,1
630,komplett ha- lager,1
631,gewinnbringende antworten,1
632,hp2,3
633,kenntnissen,1
634,2x2 adapter,1
635,servopumpen,1
636,3 tiefen löchern steckende schrauben,2
637,fürn,1
638,euro1,2
639,bytheway,1
640,sektkorken durchmesser,1
641,straße,5
642,folgende frage,1
643,80 km,1
644,2.3 doppelrohre,1
645,zündkerze handwarmen motor,1
646,sätze,5
647,sauerei,2
648,anständiges geld,1
649,gesamte fahrzeug,1
650,schmierung,2
651,stoßfänger,4
652,degenhard,1
653,fa,2
654,montage,4
655,konkrete idee,1
656,farben,11
657,geschmäcker,2
658,gegebenen infos,1
659,normale h1 birne,1
660,neueren modellen,2
661,passat 35i,1
662,rolf,7
663,"deutlich 8,0 liter",1
664,gewissheit,1
665,mfg sami,1
666,umrüstkitt,1
667,bremsflüssigkeit,2
668,einstellung,5
669,a14222,1
670,bekannte themen,1
671,lukas,1
672,schweißer,3
673,1800 €,1
674,passenden felgen,1
675,gleitstück,1
676,wurstfinger,2
677,dacon90,1
678,windschutzscheibe,4
679,california-import,4
680,2 ventil,1
681,anschlusseite,2
682,eizige,1
683,neuer ölwechsel,1
684,pd motor,1
685,dinge,6
686,halterungen,1
687,federn&dämpfer,1
688,geber o.,1
689,kurzem schub,1
690,backen,2
691,80 1.8s,2
692,irgendwelchen kabeln,1
693,dauerhaft auf'n,1
694,stg,1
695,komplette heckblende,1
696,grab,1
697,bj94,1
698,themen 2008 suche,1
699,zusammenbau,1
700,v8,9
701,proben,1
702,genannten farbton,1
703,möchstest,2
704,fluten,1
705,steckplatzt,1
706,nebelschlussleuchte,1
707,kraftstoffmenge,2
708,blau grün,3
709,abgezogenem unterdruckschlauch,1
710,roststelle,1
711,linken vorderrades,1
712,neuer stoßfänger,2
713,30 %,2
714,unreparierten,1
715,schalter,46
716,4-stellige beträge,1
717,grüsslis,1
718,bastelein,1
719,heckspoiler audi 80 avant,1
720,9v,3
721,verarscht fühlst,1
722,auffüllen,1
723,eton,1
724,oberen drosselklappenhebel,1
725,dumm,1
726,bar,1
727,stehendem reserverad,1
728,orischinool,1
729,nachtropfende einspritzdüsen,1
730,ölmess,1
731,hjs tr2 regler,1
732,ansaugrohrvorw,1
733,rote cinch stecker,2
734,schwungs,1
735,werk,8
736,sachen gleichmal,1
737,fehlerbeschreibung,2
738,pr-code,6
739,50 eur,1
740,hallen,1
741,prüfung 13.4 . /,1
742,luftmengenmesser,4
743,türen/klappen,1
744,5tkm,1
745,pm mono-jetronic,2
746,rucken,1
747,... 21,1
748,sattlerei,1
749,folgenden modell,1
750,radio alpine cda,1
751,hallo hbz,1
752,satte,1
753,reserverad,6
754,gewindedurchmesser,1
755,arretierung,2
756,zigarre,3
757,warn,2
758,nee,2
759,tankanzeige,4
760,braun/gelb,1
761,ausstattungscode,3
762,querlenker,6
763,gechekct,1
764,5w-40 öl,1
765,passenden weissen blinkern,1
766,neo-fermit,1
767,weiterhin probieren,1
768,rep,3
769,anschlüssen,1
770,falsch,1
771,1000 €,1
772,aschers,1
773,eimer,7
774,zylinderkopf,4
775,person,6
776,3 monaten,1
777,100/a6,1
778,nötigen lenkkräften,1
779,abrissschraube,3
780,anschliessen,1
781,paletti,1
782,integralsitze audi cabrio,1
783,federbeins,1
784,kandidat,1
785,leerlauf steiget,1
786,auser,1
787,pinwerkzeug,1
788,dreifachen gelben stecker,1
789,laue warme lüftchen,1
790,"dickeres öl nehmen,,,hab letztes",1
791,absterben,1
792,weder motorkran,2
793,sagen,1
794,funtionierenden motor,2
795,ölfüllen,1
796,t89,2
797,ehemaligen trans,1
798,relaisabdeckung,1
799,bauchweh,1
800,originalen bosch-teilenummer,2
801,erkenntnis,1
802,b4 2.0e,1
803,schildkröte,1
804,vorschläge,5
805,starrachse,2
806,öhmm,1
807,ausgebaut,1
808,mist,6
809,pappen,1
810,86c,3
811,wegsein,1
812,moin,77
813,mal 50 €,1
814,1.8 t umbau,1
815,behr thomson,1
816,frühjahr,3
817,druckventil,1
818,kennbuchstabe,1
819,druckmessung,2
820,geeigneten schlauch,1
821,einfach mirgends,1
822,originalen federn,1
823,anselm,1
824,offenem behälter,1
825,"6,3 mm",1
826,hügel,1
827,chrom- bzw zierleiste,1
828,drauf zündung,1
829,hinkendes alltagsauto,1
830,satz alufelgen,1
831,fußraum,5
832,handelsname,2
833,"defekt,,,zündspule",2
834,o----------o,1
835,vernunft,2
836,einspritzdüsen,10
837,yt,1
838,konservierung,2
839,selben wfs-steuergerät,1
840,einbau,14
841,geniale erfindung,2
842,alarmanlage,15
843,handwerker,1
844,135 -bei,1
845,tacho beleuchtung,1
846,code,5
847,sinnlos,1
848,pkw,1
849,j257,2
850,rausdrücken,2
851,blöde frage,2
852,lüftungskasten,1
853,einspritzmenge,1
854,geschwindigkeit,6
855,geber/schalter,2
856,el fenster,1
857,1.8 jn,1
858,schwarze lack,1
859,schritt,8
860,stück kabelbaum,1
861,fahrzeugwert,1
862,dichtflansch,1
863,kurzschlussmessung,1
864,jumper zv,1
865,reparaturarm,1
866,austauschteile,2
867,maschine,4
868,vorsicht,3
869,tropfen öl,1
870,anpassungskanal,1
871,vw-bus,1
872,klaren ergebnis,1
873,r32,1
874,3 kohm,1
875,preisen,1
876,kombiinstruments,1
877,stück,18
878,231 020/025/001,1
879,entwerder,1
880,offroad-auto,2
881,bosch classic,3
882,eingriffe,1
883,ist-zustand,1
884,filters,1
885,140ps tdi,1
886,umgangssprache,1
887,selbstgemachtes weihnachtsgeschenk,1
888,größeren rissen,1
889,motortemperatur,1
890,pause,1
891,stärken,1
892,blöde,4
893,noppen,1
894,gottes teilweise ziemlich tiefe macken,1
895,entschrechenden luftdurchsatz,2
896,box,1
897,seilfett,3
898,schalli,1
899,satzbau,1
900,einkalkulieren,1
901,strukturfarbe,4
902,gummischlauch unterdruck,1
903,euro2,3
904,kfz steuer,1
905,original-katalysators,1
906,lenkradteil,1
907,motor-stirnseite,1
908,5 1/2 j14 et45 felgen,1
909,relais überbrückst,1
910,würtembergischen,1
911,sportfilter,1
912,aga,2
913,linken kotflügel,3
914,1.gg,1
915,hallo frank,2
916,100ps is,1
917,abreißschraube,1
918,stauscheibenpotis,1
919,nadel,1
920,rustoleum,1
921,super,4
922,"2,0e",2
923,steuerteil,1
924,klassisches saugertuning,1
925,"2,3er 2,6er",3
926,bordspannung,3
927,handelbezeichnungen,1
928,relais stecker 2 kabel,1
929,mod edit,1
930,zusatz,4
931,mechanischen seite,1
932,muhlu,1
933,spannungskonstanter,1
934,weekend,1
935,ne passende nuss,1
936,rückwärtsgang,2
937,nacht,3
938,... pickerl plakete,1
939,frankreich,1
940,kurze frage,2
941,rückschlagventil,1
942,2 liter motor,1
943,untere lenkradverkleidung,2
944,aussentemp,1
945,verkabelung,10
946,inseraten,2
947,lo,2
948,nachbarschaft,1
949,ender,4
950,ggf.nicht,1
951,ben,5
952,kram,1
953,tief,1
954,einschlagen,1
955,kfz-steuer,1
956,scheiss,1
957,aktuellen listen,1
958,ne flex,1
959,brauchen,2
960,vorfacelift,1
961,kurbelwellensensor,6
962,heisses wasser,1
963,tafeln,1
964,erhaltungswürdigen,1
965,ffb-box,7
966,kühlerdemontage eingetrieben bekommst,1
967,steigen,1
968,innenbleche,1
969,teilenummer 443837220d,1
970,ruhen,8
971,lichtschalter,1
972,getriebeglocke,1
973,mikrokratzer,1
974,lg michi,1
975,signale,4
976,spezialforum,1
977,letzte gang,1
978,3a,1
979,alte benzin,1
980,100 grad,2
981,ne vernünftige einstellung,1
982,körpers,1
983,mitteltunnel,1
984,gruß micha,1
985,o----------------------------,1
986,roten abe-dokument,1
987,silikondichtmittel,2
988,tube,1
989,eintragung,3
990,festsatz,1
991,breiterer spur,1
992,hintergrund,3
993,familie,2
994,prüfstellen,2
995,empfohlenen elring dichtung,1
996,ok.danke,1
997,"audi 90 2,3 typ",1
998,n frontkratzer,1
999,hauptsächlich mercedes,1
